sparse_id	title	author	size	vocabulary
0	The Works of John Bunyan	John Bunyan	2215194	23150
1	The Prose Works of William Wordsworth	William Wordsworth	477385	20840
2	A System Of Logic, Ratiocinative And Inductive	John Stuart Mill	410693	12185
3	The March Family Trilogy	William Dean Howells	402352	17858
4	The Complete Poetical Works of Samuel Taylor Coleridge	Samuel Taylor Coleridge	392157	21818
5	The Newcomes	William Makepeace Thackeray	372821	17833
6	The Chainbearer	James Fenimore Cooper	368841	15034
7	The History of Pendennis	William Makepeace Thackeray	365959	16637
8	Dombey and Son	Charles Dickens	363730	15020
9	David Copperfield	Charles Dickens	363657	13931
10	The Virginians	William Makepeace Thackeray	363573	16181
11	Bleak House	Charles Dickens	362297	14949
12	The Complete Poetical Works of Percy Bysshe Shelley	P B Shelley	362188	19518
13	The Way We Live Now	Anthony Trollope	359781	11015
14	The Last Chronicle of Barset	Anthony Trollope	351422	10295
15	He Knew He Was Right	Anthony Trollope	348365	10713
16	Life And Adventures Of Martin Chuzzlewit	Charles Dickens	345520	15334
17	Little Dorrit	Charles Dickens	345225	14786
18	Henry Esmond; The English Humourists; The Four Georges	William Makepeace Thackeray	337115	17403
19	Our Mutual Friend	Charles Dickens	333782	14938
20	Nicholas Nickleby	Charles Dickens	330943	14574
21	The Forsyte Saga, Complete	John Galsworthy	328915	15248
22	The Journal of Sir Walter Scott	Sir Walter Scott	326526	18919
23	Middlemarch	George Eliot	323744	15285
24	Of Literature	William Dean Howells	323295	16938
25	Can You Forgive Her?	Anthony Trollope	322978	10282
26	The Works of Rudyard Kipling One Volume Edition	Rudyard Kipling	316693	17652
27	The Crown of Wild Olive	John Ruskin	315674	17365
28	Daniel Deronda	George Eliot	315584	14861
29	Orley Farm	Anthony Trollope	315006	10017
30	The Project Gutenberg Plays of John Galsworthy, Complete	John Galsworthy	314816	12677
31	Vanity Fair	William Makepeace Thackeray	311079	15709
32	The Pickwick Papers	Charles Dickens	309803	14797
33	The French Revolution	Thomas Carlyle	309373	21147
34	The Descent of Man and Selection in Relation to Sex	Charles Darwin	306930	13595
35	Armadale	Wilkie Collins	304423	11006
36	The Daisy Chain	Charlotte Mary Yonge	303412	12571
37	The Student's Life of Washington	Washington Irving	297571	12710
38	Life of John Coleridge Patteson	Charlotte Mary Yonge	289728	12993
39	The Prime Minister	Anthony Trollope	287518	9965
40	The Complete Poetical Works of James Russell Lowell	James Russell Lowell	286899	25615
41	Hopes and Fears	Charlotte Mary Yonge	286206	14513
42	Personal Memoirs of U. S. Grant	Ulysses Grant	284648	9749
43	The Letters Of Mark Twain, Complete	Mark Twain	279940	15128
44	Himalayan Journals	Sir Joseph Dalton Hooker	277515	15764
45	The Eustace Diamonds	Anthony Trollope	274655	9737
46	No Name	Wilkie Collins	271054	10931
47	Ulysses	James Joyce	267647	29003
48	Phineas Finn	Anthony Trollope	266588	9322
49	Phineas Redux	Anthony Trollope	265573	10106
50	Of Human Bondage	William Somerset Maugham	264785	12018
51	The Small House at Allington	Anthony Trollope	263422	9296
52	Sketches by Boz	Charles Dickens	261526	15100
53	Barnaby Rudge	Charles Dickens	259869	12819
54	Westward Ho!	Charles Kingsley	256995	14766
55	The Life of William Ewart Gladstone (Vol 1 of 3)	John Morley	253131	15292
56	The Life of William Ewart Gladstone (Vol 2 of 3)	John Morley	252862	14394
57	The Woman in White	Wilkie Collins	249636	10024
58	Complete Prose Works	Walt Whitman	244358	17417
59	The Heart of Mid-Lothian	Sir Walter Scott	242611	15389
60	Heartsease	Charlotte Mary Yonge	239290	10859
61	The Journal to Stella	Jonathan Swift	238769	9757
62	The Heir of Redclyffe	Charlotte Mary Yonge	238178	10411
63	Passages From the English Notebooks	Nathaniel Hawthorne	237761	13791
64	Principles Of Political Economy	John Stuart Mill	235380	9531
65	The Life and Adventures of Robinson Crusoe (1808)	Daniel Defoe	234921	8400
66	Man and Wife	Wilkie Collins	233662	9921
67	Romola	George Eliot	230187	13424
68	Magnum Bonum	Charlotte Mary Yonge	230064	12605
69	Peveril of the Peak	Sir Walter Scott	228422	14069
70	The Bertrams	Anthony Trollope	227023	10113
71	The Duke's Children	Anthony Trollope	226926	8595
72	The Great Boer War	Sir Arthur Conan Doyle	225787	11509
73	Adam Bede	George Eliot	222882	11286
74	Ayala's Angel	Anthony Trollope	222409	8167
75	The Old Curiosity Shop	Charles Dickens	221847	11993
76	Doctor Thorne	Anthony Trollope	221678	9682
77	Experimental Researches in Electricity, Volume 1	Michael Faraday	221526	5961
78	Shirley	Charlotte Bronte	220937	14835
79	The Tragic Muse	Henry James	220922	11498
80	The Three Clerks	Anthony Trollope	218498	11011
81	Moby Dick	Herman Melville	218276	16999
82	Ralph the Heir	Anthony Trollope	217248	8797
83	The Deerslayer	James Fenimore Cooper	216804	10442
84	From Sea to Sea	Rudyard Kipling	216766	16250
85	The Young Step-Mother	Charlotte Mary Yonge	216039	11596
86	Is He Popenjoy?	Anthony Trollope	215577	8050
87	The Life of William Ewart Gladstone (Vol 3 of 3)	John Morley	215575	13017
88	Mr. Scarborough's Family	Anthony Trollope	215182	8076
89	The Mill on the Floss	George Eliot	214076	11859
90	A Naturalist's Voyage Round the World	Charles Darwin	213924	12072
91	English Literature	William J Long	213523	14062
92	Waverley	Sir Walter Scott	213387	15781
93	The Vicar of Bullhampton	Anthony Trollope	213298	8336
94	Framley Parsonage	Anthony Trollope	212263	9413
95	The American Senator	Anthony Trollope	212158	8312
96	Marion Fay	Anthony Trollope	212039	8256
97	John Caldigate	Anthony Trollope	211711	8596
98	The Golden Bowl	Henry James	211494	10083
99	The Claverings	Anthony Trollope	210322	7847
100	The Pillars of the House, V1	Charlotte Mary Yonge	210275	11949
101	Castle Richmond	Anthony Trollope	208813	9428
102	On the Origin of Species 6th Edition	Charles Darwin	208311	8751
103	The Crossing	Winston Churchill	207774	12195
104	Afloat And Ashore	James Fenimore Cooper	203452	10805
105	The Fortunes of Nigel	Sir Walter Scott	203001	14670
106	Barchester Towers	Anthony Trollope	201789	10769
107	The Moonstone	Wilkie Collins	199956	8796
108	Woodstock; or, The Cavalier	Sir Walter Scott	199465	13502
109	The Variation of Animals and Plants under Domestication Volume II	Charles Darwin	198965	10650
110	The Innocents Abroad	Mark Twain	197691	14614
111	Villette	Charlotte Bronte	197572	14473
112	Rob Roy	Sir Walter Scott	197051	14475
113	The Variation of Animals and Plants under Domestication Volume I	Charles Darwin	196774	9941
114	Ivanhoe	Sir Walter Scott	195653	13231
115	Modern Painters, Volume 1 (of 5)	John Ruskin	195618	10093
116	Vivian Grey	Benjamin Disraeli	194233	12709
117	Richard Carvel, Complete	Winston Churchill	194003	12293
118	The History of Henry Esmond, Esq	William Makepeace Thackeray	192665	11237
119	Dawn	Henry Rider Haggard	192079	10639
120	Following the Equator, Complete	Mark Twain	191962	14578
121	Little Women	Louisa May Alcott	190979	10748
122	Cameos from English History, from Rollo to Edward II	Charlotte Mary Yonge	190809	12361
123	The Works of Lord Byron. Vol. 6	Lord Byron	190775	18788
124	Kenilworth	Sir Walter Scott	190611	13365
125	The Works of Alexander Pope, Volume 1	Alexander Pope	190544	14781
126	Redgauntlet	Sir Walter Scott	190230	13650
127	Jane Eyre	Charlotte Bronte	189394	12542
128	The Rainbow	D H Lawrence	189142	10990
129	Great Expectations	Charles Dickens	188943	10757
130	The Works of Lord Byron. Vol. 5	Lord Byron	187887	15393
131	Uncle Tom's Cabin	Harriet Elizabeth Beecher Stowe	187850	11504
132	Literature and Life	William Dean Howells	187711	13582
133	The Kellys and the O'Kellys	Anthony Trollope	187365	9097
134	The Life and Voyages of Christopher Columbus (Vol. II)	Washington Irving	186926	12899
135	Quentin Durward	Sir Walter Scott	186492	12745
136	Women in Love	D H Lawrence	185847	11111
137	Rousseau	John Morley	185752	13560
138	The Abbot	Sir Walter Scott	185672	13110
139	The Fair Maid of Perth	Sir Walter Scott	185363	12921
140	St. Ronan's Well	Sir Walter Scott	185281	13569
141	The Clever Woman of the Family	Charlotte Mary Yonge	185004	10932
142	The Trial	Charlotte Mary Yonge	184983	11304
143	The Two Admirals	James Fenimore Cooper	184261	10055
144	Fan	William Henry Hudson	184079	9454
145	Jack Tier or The Florida Reef	James Fenimore Cooper	184025	9386
146	Guy Mannering	Sir Walter Scott	183916	13761
147	The Chaplet of Pearls	Charlotte Mary Yonge	183840	12070
148	Mercedes of Castile	James Fenimore Cooper	183764	10422
149	Old Mortality	Sir Walter Scott	183513	13590
150	The Crater	James Fenimore Cooper	183070	9892
151	Satanstoe	James Fenimore Cooper	182013	10330
152	Outlines of English and American Literature	William J Long	181897	13759
153	Micah Clarke	Sir Arthur Conan Doyle	180856	12925
154	La Vendée	Anthony Trollope	180796	8733
155	The Pathfinder	James Fenimore Cooper	180263	9644
156	Darwinism	Alfred Russel Wallace	180164	10090
157	Homeward Bound	James Fenimore Cooper	179344	10992
158	The Works of Robert Louis Stevenson - Swanston Edition, Volume 25	Robert Louis Stevenson	179133	13798
159	The Antiquary, Complete	Sir Walter Scott	178434	14435
160	The Monastery	Sir Walter Scott	178034	13517
161	The Inside of the Cup, Complete	Winston Churchill	177056	11248
162	The Last Man	Mary Shelley	176997	12353
163	Oak Openings	James Fenimore Cooper	176233	9574
164	The Macdermots of Ballycloran	Anthony Trollope	175588	8577
165	Indian Tales	Rudyard Kipling	175526	13470
166	The Pioneers	James Fenimore Cooper	175218	11719
167	The Valley of the Moon	Jack London	174575	11945
168	Coniston, Complete	Winston Churchill	174513	10018
169	A Far Country, Complete	Winston Churchill	174360	12234
170	Main Street	Sinclair Lewis	173959	14149
171	Endymion	Benjamin Disraeli	172949	10224
172	The Works of Lord Byron. Vol. 4	Lord Byron	172885	17160
173	The Works of Lord Byron: Letters and Journals. Vol. 2	Lord Byron	172520	14489
174	The Wing-and-Wing	James Fenimore Cooper	172440	10184
175	Essays Upon Some Controverted Questions	Thomas Henry Huxley	172126	12841
176	Nostromo, A Tale of the Seaboard	Joseph Conrad	172110	12151
177	The Sea Lions	James Fenimore Cooper	172056	9644
178	The Crisis, Complete	Winston Churchill	172035	11206
179	Passages from the French and Italian Notebooks, Complete	Nathaniel Hawthorne	171657	11837
180	Miles Wallingford	James Fenimore Cooper	171466	9784
181	A Hazard of New Fortunes	William Dean Howells	170980	10627
182	Mr. Crewe's Career, Complete	Winston Churchill	170686	10572
183	Roughing It	Mark Twain	170653	13392
184	Night and Day	Virginia Woolf	170515	10292
185	Hypatia	Charles Kingsley	170169	11910
186	Unknown to History	Charlotte Mary Yonge	169686	11008
187	The Ambassadors	Henry James	169181	8784
188	A Modern Chronicle, Complete	Winston Churchill	169064	11156
189	The Prairie	James Fenimore Cooper	168781	10369
190	Antonina	Wilkie Collins	168577	10559
191	Personal Narrative of a Pilgrimage to Al-Madinah & Meccah, Volume 2	Sir Richard Francis Burton	168537	16221
192	Hereward, The Last of the English	Charles Kingsley	168241	10671
193	The Letters of Elizabeth Barrett Browning (1 of 2)	Elizabeth Barrett Browning	168202	10890
194	The Red Rover	James Fenimore Cooper	167772	10195
195	Lady Barbarina	Henry James	167298	10547
196	Wyandotte	James Fenimore Cooper	167255	10219
197	Household Papers and Stories	Harriet Elizabeth Beecher Stowe	166944	12410
198	Dryden's Works Vol. 16 (of 18)	John Dryden	166051	8643
199	Poor Miss Finch	Wilkie Collins	165802	8266
200	Reviews	Oscar Wilde	165565	15192
201	Sons and Lovers	D H Lawrence	165557	9321
202	Lectures and Essays, Version 1	Thomas Henry Huxley	165470	10888
203	The Works of the Right Honourable Edmund Burke, Vol. 02 (of 12)	Edmund Burke	164839	9999
204	A Child's History of England	Charles Dickens	164793	9217
205	The Three Brides	Charlotte Mary Yonge	164779	10490
206	The Works of the Right Honourable Edmund Burke, Vol. 03 (of 12)	Edmund Burke	164318	11375
207	The Fortunate Mistress (Parts 1 and 2)	Daniel Defoe	164225	6499
208	The Country of the Blind, And Other Stories	Herbert George Wells	164189	12343
209	Tancred	Benjamin Disraeli	163876	11718
210	Hide and Seek	Wilkie Collins	163672	10040
211	Astoria	Washington Irving	162881	10919
212	The Works of Robert Louis Stevenson - Swanston Edition, Volume 16	Robert Louis Stevenson	162461	13429
213	Selections from the Speeches and Writings of Edmund Burke	Edmund Burke	162343	11980
214	Oliver Twist	Charles Dickens	162148	10159
215	Emma	Jane Austen	161967	7091
216	Dracula	Bram Stoker	161877	9235
217	Mansfield Park	Jane Austen	161451	7758
218	Venetia	Benjamin Disraeli	161370	9686
219	Sermons on National Subjects	Charles Kingsley	161342	6279
220	A Modern Instance	William Dean Howells	161250	9973
221	Island Life	Alfred Russel Wallace	161217	10321
222	Coningsby	Benjamin Disraeli	160502	11334
223	A Tramp Abroad	Mark Twain	160425	12790
224	The Headsman	James Fenimore Cooper	159934	10664
225	Sybil	Benjamin Disraeli	159886	11326
226	The Letters of Henry James, Volume 2	Henry James	159744	11782
227	The Water-Witch	James Fenimore Cooper	159520	10792
228	Essays: Scientific, Political, & Speculative, Volume I	Herbert Spencer	159319	9593
229	Burlesques	William Makepeace Thackeray	159032	16195
230	Lysbeth	Henry Rider Haggard	158682	9305
231	The Descent of Man and Selection in Relation to Sex Volume II (1st Edition)	Charles Darwin	158554	10184
232	The Letters of Elizabeth Barrett Browning (2 of 2)	Elizabeth Barrett Browning	158536	10603
233	The Pilot	James Fenimore Cooper	157902	10253
234	Home as Found	James Fenimore Cooper	157745	10490
235	The Belton Estate	Anthony Trollope	157589	6485
236	Poems of James Russell Lowell	James Russell Lowell	156621	17129
237	Pierre; or The Ambiguities	Herman Melville	156453	13984
238	Personal Narrative of a Pilgrimage to Al-Madinah & Meccah, Volume 1	Sir Richard Francis Burton	156384	15466
239	On the Origin of Species by Means of Natural Selection or the Preservation of Favoured Races in the Struggle for Life. (2nd edition)	Charles Darwin	156365	6873
240	Insectivorous Plants	Charles Darwin	156364	5287
241	Gabriel Conroy	Bret Harte	156158	11796
242	Micrographia	Robert Hooke	156111	8839
243	The Stones of Venice, Volume I (of 3)	John Ruskin	155780	10610
244	Their Silver Wedding Journey	William Dean Howells	155699	10790
245	On the Origin of Species 1st Edition	Charles Darwin	155607	6840
246	At Last	Charles Kingsley	155019	12894
247	Chronicle of the Conquest of Granada	Washington Irving	154435	10060
248	The Works of the Right Honourable Edmund Burke, Vol. 01 (of 12)	Edmund Burke	153758	10149
249	Memoirs of a Midget	Walter de la Mare	153709	12255
250	The Works of Lord Byron. Vol. 2	Lord Byron	153449	18255
251	The Landleaguers	Anthony Trollope	153114	7311
252	Tess of the d'Urbervilles	Thomas Hardy	153111	11897
253	The White Company	Sir Arthur Conan Doyle	152850	10558
254	Lothair	Benjamin Disraeli	151879	10339
255	Montezuma's Daughter	Henry Rider Haggard	151812	7592
256	Marriage	Herbert George Wells	151344	12215
257	The Prose Works of Jonathan Swift, D.D., Volume 10	Jonathan Swift	151229	9007
258	Precaution	James Fenimore Cooper	151203	9194
259	Little Novels	Wilkie Collins	150827	8189
260	The Spy	James Fenimore Cooper	150782	10161
261	The Dash for Khartoum	George Alfred Henty	150632	8156
262	Rujub, the Juggler	George Alfred Henty	150474	7230
263	An Essay Concerning Humane Understanding, Volume 1	John Locke	149664	6236
264	The Effects of Cross & Self-Fertilisation in the Vegetable Kingdom	Charles Darwin	149319	4903
265	The Wept of Wish-Ton-Wish	James Fenimore Cooper	149236	9611
266	The Poetical Works of John Milton	John Milton	149178	14667
267	Philistia	Grant Allen	149095	11055
268	The Works of Robert Louis Stevenson - Swanston Edition, Volume 18	Robert Louis Stevenson	149052	13187
269	Jude the Obscure	Thomas Hardy	149026	10635
270	Scenes of Clerical Life	George Eliot	148998	11665
271	Modern Painters, Volume 4 (of 5)	John Ruskin	148605	10648
272	The Last of the Mohicans	James Fenimore Cooper	148573	9666
273	Twice Told Tales	Nathaniel Hawthorne	148490	12010
274	On the Old Road, Vol. 2 (of 2)	John Ruskin	147965	13412
275	The New Machiavelli	Herbert George Wells	147837	12834
276	The Queen of Hearts	Wilkie Collins	147449	8661
277	Life On The Mississippi, Complete	Mark Twain	147365	11763
278	Rachel Ray	Anthony Trollope	146989	6837
279	Saint Bartholomew's Eve	George Alfred Henty	146781	7575
280	The People Of The Mist	Henry Rider Haggard	146707	8229
281	The Dynasts	Thomas Hardy	146584	14290
282	A Son of the Middle Border	Hamlin Garland	146426	11730
283	Essays on Education and Kindred Subjects	Herbert Spencer	146392	10712
284	Beric the Briton	George Alfred Henty	146264	7755
285	The Stones of Venice, Volume II (of 3)	John Ruskin	146026	11159
286	The Uncommercial Traveller	Charles Dickens	145880	13317
287	The Return of the Native	Thomas Hardy	145514	10183
288	The Works of the Right Honourable Edmund Burke, Vol. 05 (of 12)	Edmund Burke	145137	10685
289	The Hand of Ethelberta	Thomas Hardy	145010	10485
290	White Jacket	Herman Melville	144636	13446
291	Desperate Remedies	Thomas Hardy	144561	10099
292	The Dwelling Place of Light, Complete	Winston Churchill	144110	11521
293	Miss Mackenzie	Anthony Trollope	144099	6661
294	The Monikins	James Fenimore Cooper	143953	10891
295	Henrietta Temple	Benjamin Disraeli	143854	9047
296	The Awkward Age	Henry James	143843	7586
297	A Knight of the White Cross	George Alfred Henty	143713	7605
298	When London Burned	George Alfred Henty	143502	7317
299	The Law and the Lady	Wilkie Collins	143136	7882
300	North America Volume 1	Anthony Trollope	143094	9375
301	Mr. Britling Sees It Through	Herbert George Wells	142877	11637
302	Letters of John Keats to His Family and Friends	John Keats	142674	11581
303	The Works of Robert Louis Stevenson - Swanston Edition, Volume 13	Robert Louis Stevenson	142591	11912
304	Martin Eden	Jack London	142397	10902
305	North America Volume 2	Anthony Trollope	142198	8951
306	The Letters of Henry James, Volume 1	Henry James	141822	11961
307	Far from the Madding Crowd	Thomas Hardy	141803	11274
308	By Right of Conquest	George Alfred Henty	141755	7959
309	The Bravo	James Fenimore Cooper	141343	9177
310	A Laodicean	Thomas Hardy	141270	10570
311	Lady Anna	Anthony Trollope	141097	6457
312	The Works of the Right Honourable Edmund Burke, Vol. 09 (of 12)	Edmund Burke	140651	7771
313	The Firm of Girdlestone	Sir Arthur Conan Doyle	140509	10947
314	With Kitchener in the Soudan	George Alfred Henty	140426	7030
315	The Lost Girl	D H Lawrence	140403	10206
316	The Letters of Charles Dickens Volume 1	Charles Dickens	140313	10449
317	Chance	Joseph Conrad	140131	9466
318	The Blue Fairy Book	Andrew Lang	140080	6874
319	Biographia Literaria	Samuel Taylor Coleridge	140042	14028
320	The Voyage Out	Virginia Woolf	139915	9390
321	Frontier Stories	Bret Harte	139909	10927
322	Paul Kelver	Jerome Klapka Jerome	139890	10576
323	After Dark	Wilkie Collins	139149	8947
324	The Woodlanders	Thomas Hardy	138958	10371
325	March to Magdala	George Alfred Henty	138774	8669
326	The Fortunes and Misfortunes of the Famous Moll Flanders	Daniel Defoe	138581	5753
327	Tono Bungay	Herbert George Wells	138481	12175
328	A Tale of Two Cities	Charles Dickens	138368	9694
329	The Letters of Charles Dickens Volume 2	Charles Dickens	138251	9547
330	The Tiger of Mysore	George Alfred Henty	137994	7019
331	The Stones of Venice, Volume III (of 3)	John Ruskin	137465	10553
332	The Works of the Right Honourable Edmund Burke, Vol. 08 (of 12)	Edmund Burke	137265	7249
333	The American	Henry James	137054	8875
334	The Works of Robert Louis Stevenson - Swanston Edition, Volume 20	Robert Louis Stevenson	136672	11328
335	The Works of Robert Louis Stevenson - Swanston Edition, Volume 24	Robert Louis Stevenson	136363	11866
336	Bracebridge Hall, or The Humorists	Washington Irving	136292	12140
337	Geological Observations On South America	Charles Darwin	136222	5996
338	Modern Painters, Volume 3 (of 5)	John Ruskin	136054	10901
339	The Fallen Leaves	Wilkie Collins	135937	7851
340	At the Point of the Bayonet	George Alfred Henty	135323	6939
341	The Rescue	Joseph Conrad	135232	8803
342	Poems And Songs Of Robert Burns	Robert Burns	135156	13542
343	Pioneers and Founders	Charlotte Mary Yonge	134841	10868
344	With Moore At Corunna	George Alfred Henty	134779	6872
345	Pearl-Maiden	Henry Rider Haggard	134589	7744
346	The Story of Sir Launcelot and His Companions	Howard Pyle	134579	5183
347	The Works of the Right Honourable Edmund Burke, Vol. 10 (of 12)	Edmund Burke	134558	7373
348	The Rise of Silas Lapham	William Dean Howells	134160	8004
349	Roderick Hudson	Henry James	134145	9564
350	The Works of the Right Honourable Edmund Burke, Vol. 04 (of 12)	Edmund Burke	134080	9517
351	A Reputed Changeling	Charlotte Mary Yonge	134068	10029
352	A Pair of Blue Eyes	Thomas Hardy	133740	10338
353	The Works of Lord Byron. Vol. 3	Lord Byron	133507	12760
354	Notes of a Son and Brother	Henry James	133365	11650
355	The Works of Robert Louis Stevenson - Swanston Edition, Volume 2	Robert Louis Stevenson	133363	12921
356	The Works of the Right Honourable Edmund Burke, Vol. 07 (of 12)	Edmund Burke	133240	9993
357	The Works of the Right Honourable Edmund Burke, Vol. 12 (of 12)	Edmund Burke	133192	8128
358	The May Flower, and Miscellaneous Writings	Harriet Elizabeth Beecher Stowe	133084	10540
359	A Roving Commission	George Alfred Henty	133077	7034
360	Colonel Thorndyke's Secret	George Alfred Henty	133011	6440
361	The Betrothed	Sir Walter Scott	132839	10849
362	The Luck of Roaring Camp and Other Tales	Bret Harte	132778	13111
363	The Descent of Man and Selection in Relation to Sex Volume I (1st edition)	Charles Darwin	132636	9564
364	The Wife of Sir Isaac Harman	Herbert George Wells	132596	10980
365	Blind Love	Wilkie Collins	132540	7268
366	Stray Pearls	Charlotte Mary Yonge	132334	9005
367	Dryden's Works Vol. 6 (of 18)	John Dryden	132329	10804
368	Heart and Science	Wilkie Collins	132249	7873
369	A Girl of the Commune	George Alfred Henty	132179	7687
370	Sir Nigel	Sir Arthur Conan Doyle	132077	9156
371	The Two Guardians	Charlotte Mary Yonge	131983	7473
372	Wulf the Saxon	George Alfred Henty	131876	7178
373	Lord Jim	Joseph Conrad	131614	10446
374	The History of the Devil	Daniel Defoe	131502	8254
375	Tales of lonely trails	Zane Grey	131394	8611
376	A Monograph on the Sub-class Cirripedia (Volume 1 of 2)	Charles Darwin	131105	5250
377	Don Juan	Lord Byron	131025	12670
378	With Cochrane the Dauntless	George Alfred Henty	130977	7153
379	The Beckoning Hand and Other Stories	Grant Allen	130744	10740
380	The Talisman	Sir Walter Scott	130707	10813
381	On the Old Road, Vol. 1 (of 2)	John Ruskin	130623	12338
382	The Art of Travel	Sir Francis Galton	130271	9782
383	The Sketch Book of Geoffrey Crayon	Washington Irving	130241	13000
384	A Daughter of the Middle Border	Hamlin Garland	129960	10499
385	Under Wellington's Command	George Alfred Henty	129785	6659
386	Won by the Sword	George Alfred Henty	129740	7068
387	Condemned as a Nihilist	George Alfred Henty	129738	7923
388	The Laughing Cavalier	Baronness Orczy	129624	8488
389	The Lady of the Shroud	Bram Stoker	129623	8595
390	The Brethren	Henry Rider Haggard	129473	6563
391	Captain Bayley's Heir	George Alfred Henty	129377	8144
392	Both Sides the Border	George Alfred Henty	129246	6874
393	In the Irish Brigade	George Alfred Henty	129234	7002
394	Literary Friends And Acquaintances	William Dean Howells	129213	10042
395	The Life of George Washington, Volume I	Washington Irving	129170	10180
396	The Works of the Right Honourable Edmund Burke, Vol. 11 (of 12)	Edmund Burke	129144	7635
397	The Trail of the Hawk	Sinclair Lewis	129010	12130
398	Italian Hours	Henry James	128895	12551
399	Bride of Lammermoor	Sir Walter Scott	128797	11274
400	Babbitt	Sinclair Lewis	128791	11823
401	The Works of Robert Louis Stevenson - Swanston Edition, Volume 23	Robert Louis Stevenson	128296	11609
402	Barry Lyndon	William Makepeace Thackeray	128230	9700
403	The Works of Lord Byron: Letters and Journals. Vol. 1	Lord Byron	128095	11707
404	The U.P. Trail	Zane Grey	128078	8584
405	The White Peacock	D H Lawrence	127744	9800
406	The Pearl of Orr's Island	Harriet Elizabeth Beecher Stowe	127738	9673
407	Scaramouche	Rafael Sabatini	127633	9956
408	The Adventures of Captain Horn	Frank Richard Stockton	127126	6679
409	By Conduct and Courage	George Alfred Henty	127054	7915
410	The River War	Sir Winston Churchill	127052	9705
411	Tommy and Grizel	James Matthew Barrie	127012	7406
412	First Footsteps in East Africa	Sir Richard Francis Burton	126920	13079
413	Alton of Somasco	Harold Bindloss	126858	7289
414	The Light of Western Stars	Zane Grey	126846	9068
415	History of Friedrich II of Prussia, Volume 18	Thomas Carlyle	126418	11027
416	Leaves of Grass	Walt Whitman	126287	12320
417	The Mucker	Edgar Rice Burroughs	126154	9017
418	The Red Fairy Book	Andrew Lang	126077	6073
419	The Treasure of the Incas	George Alfred Henty	125953	6365
420	By Pike and Dyke:  A Tale of the Rise of the Dutch Republic	George Alfred Henty	125850	7259
421	Life of Cicero Volume Two	Anthony Trollope	125808	8956
422	Recollections of Europe	James Fenimore Cooper	125786	10228
423	The Story of the Champions of the Round Table	Howard Pyle	125771	5049
424	Dryden's Works Vol. 7 (of 18)	John Dryden	125630	11536
425	Among My Books, First Series	James Russell Lowell	125488	14594
426	With Lee in Virginia	George Alfred Henty	125404	6795
427	The Dramatic Works of John Dryden, Volume I	Sir Walter Scott	125254	11584
428	The Man That Corrupted Hadleyburg and Other Stories	Mark Twain	125201	11364
429	The Works of Lord Byron. Vol. 7	Lord Byron	124994	15750
430	With Frederick the Great	George Alfred Henty	124973	7013
431	El Dorado	Baronness Orczy	124820	8589
432	Beechcroft at Rockstone	Charlotte Mary Yonge	124801	8677
433	With Wolfe in Canada	George Alfred Henty	124782	7042
434	The Refugees	Sir Arthur Conan Doyle	124664	8984
435	The Complete English Tradesman (1839 ed.)	Daniel Defoe	124653	6811
436	Lorimer of the Northwest	Harold Bindloss	124424	9539
437	An Essay Concerning Humane Understanding, Volume 2	John Locke	124312	5440
438	By England's Aid or The Freeing of the Netherlands (1585-1604)	George Alfred Henty	124226	7559
439	Colonel Quaritch, V.C	Henry Rider Haggard	124128	7992
440	One of the 28th	George Alfred Henty	124030	6811
441	The Young Fur Traders	R M Ballantyne	123887	9064
442	Roundabout Papers	William Makepeace Thackeray	123853	12225
443	The Life and Adventures of Robinson Crusoe Of York, Mariner, Vol. 1	Daniel Defoe	123665	6185
444	The Ghost Kings	Henry Rider Haggard	123484	6602
445	The Making of Religion	Andrew Lang	123341	10031
446	The Man of the Forest	Zane Grey	123184	8280
447	The Prose Works of Jonathan Swift, D.D., Volume 9	Jonathan Swift	123155	10044
448	Sunny Memories Of Foreign Lands, Volume 1 (of 2)	Harriet Elizabeth Beecher Stowe	123147	10886
449	The Life of Cesare Borgia	Rafael Sabatini	122914	10466
450	Dynevor Terrace (Vol. II)	Charlotte Mary Yonge	122899	9135
451	Pride and Prejudice	Jane Austen	122810	6257
452	Life of Cicero Volume One	Anthony Trollope	122714	9758
453	The Cat of Bubastes	George Alfred Henty	122626	7260
454	The Lost Heir	George Alfred Henty	122620	6584
455	The Quality of Mercy	William Dean Howells	122595	7923
456	For the Temple	George Alfred Henty	122546	6877
457	The Desert of Wheat	Zane Grey	122538	8630
458	The Works of Robert Louis Stevenson - Swanston Edition, Volume 7	Robert Louis Stevenson	122509	10697
459	Held Fast For England	George Alfred Henty	122436	6459
460	The Poetical Works of William Wordsworth, Volume 3	William Wordsworth	122112	11809
461	Selected Stories	Bret Harte	122096	11960
462	The Irrational Knot	George Bernard Shaw	122062	9080
463	At Agincourt	George Alfred Henty	122031	6869
464	The Life of Friedrich Schiller	Thomas Carlyle	122024	12818
465	The Letters of Robert Burns	Robert Burns	121937	10771
466	I Say No	Wilkie Collins	121919	7023
467	The Prose Works of Jonathan Swift, D.D., Volume 7	Jonathan Swift	121897	9431
468	With Clive in India	George Alfred Henty	121770	7348
469	The Landlord at Lion's Head	William Dean Howells	121730	7717
470	Allan and the Holy Flower	Henry Rider Haggard	121703	7810
471	The Portrait of a Lady, Volume 1	Henry James	121680	8230
472	The Life and Adventures of Robinson Crusoe	Daniel Defoe	121619	6006
473	Knickerbocker's History of New York	Washington Irving	121618	13032
474	Work: A Story of Experience	Louisa May Alcott	121435	8902
475	Finished	Henry Rider Haggard	121402	7275
476	Unto This Last and Other Essays on Political Economy	John Ruskin	121384	9975
477	The Legacy of Cain	Wilkie Collins	121297	6638
478	She and Allan	Henry Rider Haggard	121221	7525
479	The Sea-Hawk	Rafael Sabatini	121167	9077
480	Redburn. His First Voyage	Herman Melville	121084	11329
481	When the World Shook	Henry Rider Haggard	121021	8358
482	The Lion of Saint Mark	George Alfred Henty	120944	6730
483	Victory	Joseph Conrad	120843	9078
484	Strange Stories	Grant Allen	120720	10619
485	Sense and Sensibility	Jane Austen	120714	6273
486	Sunny Memories Of Foreign Lands, Volume 2 (of 2)	Harriet Elizabeth Beecher Stowe	120590	11647
487	A Connecticut Yankee in King Arthur's Court, Complete	Mark Twain	120362	10072
488	Through Three Campaigns	George Alfred Henty	120314	6663
489	In The Heart Of The Rockies	George Alfred Henty	120305	5630
490	History of Friedrich II of Prussia, Volume 21	Thomas Carlyle	120168	11883
491	The Dust of Conflict	Harold Bindloss	120086	7140
492	The Life and Most Surprising Adventures of Robinson Crusoe	Daniel Defoe	120043	7622
493	The Paris Sketch Book Of Mr. M. A. Titmarsh	William Makepeace Thackeray	120021	12366
494	Peter Ruff and the Double Four	Edward Phillips Oppenheim	119957	7804
495	Byron's Poetical Works, Vol. 1	Lord Byron	119904	13027
496	Nuttie's Father	Charlotte Mary Yonge	119852	8739
497	The Minister's Charge	William Dean Howells	119745	8025
498	Beyond	John Galsworthy	119597	8561
499	The Strolling Saint	Rafael Sabatini	119457	9157
500	With Buller in Natal	George Alfred Henty	119456	6143
501	Wuthering Heights	Emily Bronte	119397	9203
502	The Curse of Carne's Hold	George Alfred Henty	119332	6164
503	A Wonder Book and Tanglewood Tales	Nathaniel Hawthorne	119257	7728
504	A New Voyage Round the World by a Course Never Sailed Before	Daniel Defoe	119030	5824
505	The Mayor of Casterbridge	Thomas Hardy	118771	9984
506	Dryden's Works Vol. 2 (of 18)	John Dryden	118571	7971
507	In Freedom's Cause	George Alfred Henty	118536	7394
508	The Writings of Abraham Lincoln, Volume 5: 1858-1862	Abraham Lincoln	118514	7269
509	Dynevor Terrace (Vol. I)	Charlotte Mary Yonge	118495	9706
510	The Adventures of Captain Bonneville	Washington Irving	118386	9444
511	The Portrait of a Lady, Volume 2	Henry James	118140	7092
512	Basil	Wilkie Collins	118041	7984
513	April Hopes	William Dean Howells	118017	8222
514	The Poetical Works of William Wordsworth, Volume 2	William Wordsworth	117975	9723
515	All Saints' Day and Other Sermons	Charles Kingsley	117948	6643
516	Ayesha	Henry Rider Haggard	117900	7827
517	Through Russian Snows	George Alfred Henty	117773	6718
518	Our Old Home	Nathaniel Hawthorne	117595	11686
519	Two Years Ago, Volume I	Charles Kingsley	117593	9679
520	The Young Carthaginian	George Alfred Henty	117422	7604
521	The Mistress of Bonaventure	Harold Bindloss	117314	8672
522	The Trumpet-Major	Thomas Hardy	117228	9155
523	The Works of the Right Honourable Edmund Burke, Vol. 06 (of 12)	Edmund Burke	117202	8963
524	The Works of Robert Louis Stevenson - Swanston Edition, Volume 1	Robert Louis Stevenson	117193	12398
525	Nada the Lily	Henry Rider Haggard	117158	4819
526	The Mutiny of the Elsinore	Jack London	117043	9556
527	Sentimental Tommy	James Matthew Barrie	117011	8629
528	Jill the Reckless	P G Wodehouse	116978	9214
529	Dryden's Works Vol. 4 (of 18)	John Dryden	116908	8373
530	Aaron's Rod	D H Lawrence	116803	8761
531	Burning Daylight	Jack London	116683	9658
532	Adventures of Huckleberry Finn, Complete	Mark Twain	116392	5988
533	Walden, and On The Duty Of Civil Disobedience	Henry David Thoreau	116372	11012
534	The Armourer's Prentices	Charlotte Mary Yonge	116166	9969
535	Darwiniana Essays, Volume 2	Thomas Henry Huxley	116098	9674
536	Tales of a Traveller	Washington Irving	115878	10887
537	The Bronze Eagle	Baronness Orczy	115744	8758
538	Captain Blood	Rafael Sabatini	115743	9270
539	A Jacobite Exile	George Alfred Henty	115417	6723
540	Ungava	R M Ballantyne	115158	8687
541	A Residence in France	James Fenimore Cooper	115006	9735
542	The Late Mrs. Null	Frank Richard Stockton	114867	6954
543	A March on London	George Alfred Henty	114621	6770
544	The Little Minister	James Matthew Barrie	114345	7243
545	The Teacher	Jacob Abbott	114299	6324
546	The Life, Adventures & Piracies of the Famous Captain Singleton	Daniel Defoe	114100	5956
547	The Return of Sherlock Holmes	Sir Arthur Conan Doyle	114037	7930
548	The Malay Archipelago, Volume 1	Alfred Russel Wallace	113983	8884
549	The Young Duke	Benjamin Disraeli	113812	9668
550	She	Henry Rider Haggard	113775	9032
551	Kipps	Herbert George Wells	113762	10272
552	Back to Methuselah	George Bernard Shaw	113660	9786
553	The Girl at Cobhurst	Frank Richard Stockton	113651	6443
554	Beatrice	Henry Rider Haggard	113465	7446
555	Two Years Ago, Volume II	Charles Kingsley	113394	8828
556	A Short History of the World	Herbert George Wells	113304	10386
557	Falling in Love	Grant Allen	113281	12061
558	Collected Essays, Volume V	Thomas Henry Huxley	113276	9892
559	The Ivory Child	Henry Rider Haggard	113130	7574
560	The Research Magnificent	Herbert George Wells	113017	10610
561	No Surrender!	George Alfred Henty	112964	6098
562	Jess	Henry Rider Haggard	112923	7839
563	The Works of Robert Louis Stevenson - Swanston Edition, Volume 17	Robert Louis Stevenson	112776	9145
564	The Evil Genius	Wilkie Collins	112723	6690
565	Mysterious Mr. Sabin	Edward Phillips Oppenheim	112636	7289
566	The Yellow Fairy Book	Andrew Lang	112556	5771
567	Bonnie Prince Charlie	George Alfred Henty	112469	6848
568	The Arabian Nights Entertainments	Andrew Lang	112276	6308
569	Dryden's Works Vol. 3 (of 18)	John Dryden	112253	8176
570	Under Western Eyes	Joseph Conrad	112245	8630
571	The Merry Adventures of Robin Hood	Howard Pyle	112045	6113
572	Lucy Maud Montgomery Short Stories, 1909 to 1922	Lucy Maud Montgomery	111913	8192
573	At Aboukir and Acre	George Alfred Henty	111900	6583
574	Chapters from My Autobiography	Mark Twain	111728	9587
575	Letters of Robert Louis Stevenson, Volume 2	Robert Louis Stevenson	111537	10304
576	The Malay Archipelago, Volume 2	Alfred Russel Wallace	111468	8624
577	Venetian Life	William Dean Howells	111406	11764
578	Dryden's Works Vol. 5 (of 18)	John Dryden	111235	9296
579	Hawtrey's Deputy	Harold Bindloss	110855	6866
580	Mike	P G Wodehouse	110776	8008
581	Past and Present	Thomas Carlyle	110718	11049
582	The Dove in the Eagle's Nest	Charlotte Mary Yonge	110705	9722
583	Coleridge's Literary Remains, Volume 4	Samuel Taylor Coleridge	110613	10576
584	Tarzan the Untamed	Edgar Rice Burroughs	110434	7595
585	The Prose Works of Jonathan Swift, D.D., Volume 3	Jonathan Swift	110391	8661
586	The Poems of Jonathan Swift, D.D., Volume 2	Jonathan Swift	110062	12189
587	True to the Old Flag	George Alfred Henty	109986	6556
588	The Day's Work, Volume 1	Rudyard Kipling	109954	10342
589	"""Unto Caesar"""	Baronness Orczy	109879	7991
590	Letters On Demonology And Witchcraft	Sir Walter Scott	109671	10818
591	Life's Handicap	Rudyard Kipling	109641	10468
592	The Works of Robert Louis Stevenson - Swanston Edition, Volume 9	Robert Louis Stevenson	109554	12090
593	Science & Education	Thomas Henry Huxley	109498	8751
594	The Wings of the Dove, Volume 2	Henry James	109397	6571
595	Eric Brighteyes	Henry Rider Haggard	109177	5000
596	The Queen's Cup	George Alfred Henty	109151	5884
597	The Black Robe	Wilkie Collins	109119	7048
598	Masters of the Wheat-Lands	Harold Bindloss	108967	7383
599	The Tyranny of the Dark	Hamlin Garland	108918	8846
600	Cetywayo and his White Neighbours	Henry Rider Haggard	108900	8684
601	The Gold Trail	Harold Bindloss	108822	7377
602	The Captain of the Gray-Horse Troop	Hamlin Garland	108815	8523
603	Lay Sermons, Addresses and Reviews	Thomas Henry Huxley	108754	9949
604	The Expression of Emotion in Man and Animals	Charles Darwin	108691	7563
605	In Times of Peril	George Alfred Henty	108562	6888
606	The Caged Lion	Charlotte Mary Yonge	108521	9425
607	Under Drake's Flag	George Alfred Henty	108507	7365
608	Kim	Rudyard Kipling	108372	9389
609	The Arrow of Gold	Joseph Conrad	108347	8359
610	A Diversity of Creatures	Rudyard Kipling	108260	10886
611	Riders of the Purple Sage	Zane Grey	108243	7633
612	Specimens of the Table Talk of S.T.Coleridge	Samuel Taylor Coleridge	108195	11653
613	History of Friedrich II of Prussia, Volume 20	Thomas Carlyle	108073	10170
614	Among My Books, Second Series	James Russell Lowell	108043	12291
615	The Cattle-Baron's Daughter	Harold Bindloss	108027	6251
616	The Sea-Wolf	Jack London	107983	8838
617	Selections From the Works of John Ruskin	John Ruskin	107979	10307
618	Memoirs of a Cavalier	Daniel Defoe	107907	6212
619	The House of the Seven Gables	Nathaniel Hawthorne	107818	9806
620	On the Irrawaddy	George Alfred Henty	107698	6103
621	Allan Quatermain	Henry Rider Haggard	107691	8372
622	Rilla of Ingleside	Lucy Maud Montgomery	107638	8071
623	Little Men	Louisa May Alcott	107459	7684
624	Swallow	Henry Rider Haggard	107442	5721
625	The Lion of the North	George Alfred Henty	107255	7304
626	Anne Of Green Gables	Lucy Maud Montgomery	107142	7429
627	Imaginary Interviews	William Dean Howells	107110	10455
628	The Works of Robert Louis Stevenson - Swanston Edition, Volume 5	Robert Louis Stevenson	107090	9770
629	Stories from the Italian Poets: With Lives of the Writers, Volume 2	Leigh Hunt	107070	12186
630	A Monk of Fife	Andrew Lang	106987	7417
631	An Outcast of the Islands	Joseph Conrad	106637	8085
632	Desert Gold	Zane Grey	106629	7871
633	They of the High Trails	Hamlin Garland	106516	8427
634	Selections from the Poems and Plays of Robert Browning	Robert Browning	106485	11824
635	The Poetical Works of Alexander Pope, Volume 2	Alexander Pope	106403	11778
636	The Disentanglers	Andrew Lang	106389	9987
637	The Passionate Friends	Herbert George Wells	106347	10445
638	Love and Life	Charlotte Mary Yonge	106336	9088
639	Thrice Armed	Harold Bindloss	106282	6366
640	The Essays of George Eliot	George Eliot	106221	12065
641	The Man	Bram Stoker	106134	7315
642	Fair Margaret	Henry Rider Haggard	106060	6619
643	Delilah of the Snows	Harold Bindloss	106029	6402
644	The Historical Nights' Entertainment, First Series	Rafael Sabatini	106019	9687
645	The Adventures of Sherlock Holmes	Sir Arthur Conan Doyle	105891	7813
646	The Jacket (The Star-Rover)	Jack London	105860	9865
647	The Works of Robert Louis Stevenson - Swanston Edition, Volume 10	Robert Louis Stevenson	105795	8085
648	An Old-fashioned Girl	Louisa May Alcott	105790	7315
649	Money Magic	Hamlin Garland	105761	8523
650	Hard Times	Charles Dickens	105599	8741
651	Chantry House	Charlotte Mary Yonge	105350	9523
652	St. Ives	Robert Louis Stevenson	105253	9198
653	Marie	Henry Rider Haggard	105167	6649
654	The Cornet of Horse	George Alfred Henty	105064	7381
655	Oliver Goldsmith	Washington Irving	105039	10241
656	The Boy Ranchers of Puget Sound	Harold Bindloss	104903	6040
657	Gulliver's Travels	Jonathan Swift	104869	8094
658	Through the Fray	George Alfred Henty	104818	6373
659	The Young Franc Tireurs	George Alfred Henty	104783	6479
660	The Works of Robert Louis Stevenson - Swanston Edition, Volume 3	Robert Louis Stevenson	104549	11057
661	American Notes for General Circulation	Charles Dickens	104466	10341
662	Wildfire	Zane Grey	104417	6875
663	Mankind in the Making	Herbert George Wells	104205	9605
664	Inquiries into Human Faculty and Its Development	Sir Francis Galton	104140	8984
665	Friends, though divided	George Alfred Henty	104070	7381
666	The Early Poems of Alfred Lord Tennyson	Lord Tennyson	103997	11092
667	The Young Buglers	George Alfred Henty	103866	7038
668	Love Eternal	Henry Rider Haggard	103802	8018
669	Long Odds	Harold Bindloss	103747	6458
670	Familiar Spanish Travels	William Dean Howells	103747	10203
671	Myth, Ritual And Religion, Vol. 2 (of 2)	Andrew Lang	103725	10308
672	Omoo: Adventures in the South Seas	Herman Melville	103654	10655
673	The Violet Fairy Book	Andrew Lang	103554	5383
674	Mardi: and A Voyage Thither, Volume 2	Herman Melville	103541	12304
675	A Damaged Reputation	Harold Bindloss	103462	6621
676	The Greater Power	Harold Bindloss	103458	6191
677	The Man Upstairs and Other Stories	P G Wodehouse	103333	9343
678	The Naturalist in La Plata	William Henry Hudson	103285	9303
679	The New Magdalen	Wilkie Collins	103269	6419
680	Jezebel's Daughter	Wilkie Collins	103263	6674
681	Jo's Boys	Louisa May Alcott	103165	8414
682	Queen Sheba's Ring	Henry Rider Haggard	103135	7351
683	The Little Lady of the Big House	Jack London	103104	10007
684	The Works of Robert Louis Stevenson - Swanston Edition, Volume 4	Robert Louis Stevenson	103104	8904
685	In the South Seas	Robert Louis Stevenson	103076	11121
686	The Different Forms of Flowers on Plants of the Same Species	Charles Darwin	103046	4333
687	Cleopatra	Henry Rider Haggard	102943	6396
688	The Works of Robert Louis Stevenson - Swanston Edition, Volume 11	Robert Louis Stevenson	102863	7589
689	The Two Sides of the Shield	Charlotte Mary Yonge	102712	7610
690	The Works of Robert Louis Stevenson - Swanston Edition, Volume 6	Robert Louis Stevenson	102663	8306
691	Myth, Ritual, and Religion, Vol. 1	Andrew Lang	102644	9949
692	Ranching for Sylvia	Harold Bindloss	102568	6870
693	Betty Zane	Zane Grey	102544	7741
694	The Poetical Works of William Wordsworth, Volume 1	William Wordsworth	102419	9310
695	Maori and Settler	George Alfred Henty	102347	6313
696	The Freelands	John Galsworthy	102329	8329
697	A Book of Golden Deeds	Charlotte Mary Yonge	102260	9636
698	David Balfour, Second Part	Robert Louis Stevenson	102245	7594
699	Catriona	Robert Louis Stevenson	102161	7586
700	Gascoyne, the Sandal-Wood Trader	R M Ballantyne	102004	7577
701	New Arabian Nights	Robert Louis Stevenson	101989	8848
702	A Final Reckoning	George Alfred Henty	101954	5651
703	My Young Alcides	Charlotte Mary Yonge	101924	8502
704	What's Bred In the Bone	Grant Allen	101908	7932
705	A London Life and Other Tales	Henry James	101774	7220
706	Letters of Robert Louis Stevenson, Volume 1	Robert Louis Stevenson	101770	10419
707	Critiques and Addresses	Thomas Henry Huxley	101638	10228
708	An Englishman Looks at the World	Herbert George Wells	101607	10143
709	Contributions to the Theory of Natural Selection	Alfred Russel Wallace	101551	7339
710	The Black Box	Edward Phillips Oppenheim	101346	7263
711	Italian Journeys	William Dean Howells	101172	11140
712	For Jacinta	Harold Bindloss	101171	6985
713	Typee	Herman Melville	101041	9466
714	Thurston of Orchard Valley	Harold Bindloss	101033	8560
715	The Prose Works of Jonathan Swift, D.D., Volume 4	Jonathan Swift	100952	8217
716	The Coral Island	R M Ballantyne	100934	7070
717	Stella Fregelius	Henry Rider Haggard	100877	7799
718	The Golden Dream	R M Ballantyne	100876	8582
719	The Further Adventures of Robinson Crusoe	Daniel Defoe	100856	5871
720	Saint George for England	George Alfred Henty	100716	7238
721	The Buccaneer Farmer	Harold Bindloss	100684	6174
722	The Pilgrim's Progress	John Bunyan	100674	5308
723	The Lilac Fairy Book	Andrew Lang	100579	5964
724	Erling the Bold	R M Ballantyne	100499	7353
725	The Girl From Keller's	Harold Bindloss	100368	6020
726	John Gayther's Garden and the Stories Told Therein	Frank Richard Stockton	100343	6401
727	The Works of Edgar Allan Poe Volume 3	Edgar Allan Poe	100161	8935
728	Roads of Destiny	O Henry	100136	11599
729	Sketches New and Old, Complete	Mark Twain	100115	10978
730	Autobiography of Anthony Trollope	Anthony Trollope	100008	7594
731	Health and Education	Charles Kingsley	99985	9673
732	The Redskins; or, Indian and Injin, Volume 1	James Fenimore Cooper	99923	8206
733	Charlie to the Rescue	R M Ballantyne	99840	7999
734	The Orange Fairy Book	Andrew Lang	99839	5613
735	The Red Eric	R M Ballantyne	99802	8099
736	Lady Byron Vindicated	Harriet Elizabeth Beecher Stowe	99742	8439
737	The Captain's Toll-Gate	Frank Richard Stockton	99738	5975
738	The War in the Air	Herbert George Wells	99694	10013
739	The Pink Fairy Book	Andrew Lang	99680	5137
740	The Holy War	John Bunyan	99650	5436
741	A Small Boy and Others	Henry James	99548	10556
742	The Rainbow Trail	Zane Grey	99544	6899
743	Red Eve	Henry Rider Haggard	99490	6380
744	The Virgin of the Sun	Henry Rider Haggard	99488	6118
745	Opticks	Sir Isaac Newton	99484	4160
746	The Works of Robert Louis Stevenson - Swanston Edition, Volume 21	Robert Louis Stevenson	99476	8987
747	The Mysterious Rider	Zane Grey	99464	7287
748	Ann Veronica	Herbert George Wells	99259	8985
749	The Minute Boys of Boston	James Otis	99240	5513
750	The Grey Fairy Book	Andrew Lang	99143	5402
751	Vane of the Timberlands	Harold Bindloss	99112	7434
752	Diderot and the Encyclopædists (Vol 2 of 2)	John Morley	99086	10634
753	Kate Bonnet	Frank Richard Stockton	98978	6212
754	Winston of the Prairie	Harold Bindloss	98964	6538
755	The Crimson Fairy Book	Andrew Lang	98851	5266
756	The Roman and the Teuton	Charles Kingsley	98841	9921
757	Indian Summer	William Dean Howells	98793	7573
758	Yeast: A Problem	Charles Kingsley	98783	9414
759	The Writings of Abraham Lincoln, Volume 6: 1862-1863	Abraham Lincoln	98771	6787
760	Far Away and Long Ago	William Henry Hudson	98754	8143
761	The Poetical Works of John Dryden, Volume 2	John Dryden	98680	9897
762	For the Allinson Honor	Harold Bindloss	98598	6942
763	The Brown Fairy Book	Andrew Lang	98578	5767
764	Michael, Brother of Jerry	Jack London	98507	9098
765	The Works of Robert Louis Stevenson - Swanston Edition, Volume 19	Robert Louis Stevenson	98503	10124
766	Petticoat Rule	Baronness Orczy	98442	8328
767	The Minute Boys of York Town	James Otis	98337	5612
768	The Lone Star Ranger	Zane Grey	98259	7223
769	Villa Rubein and Other Stories	John Galsworthy	98209	7984
770	Diderot and the Encyclopædists (Vol 1 of 2)	John Morley	98205	10539
771	Mardi: and A Voyage Thither, Volume 1	Herman Melville	98190	11924
772	Lives of the English Poets	Henry Francis Cary	98174	10981
773	Traffics and Discoveries	Rudyard Kipling	98086	10574
774	The Border Legion	Zane Grey	97924	6920
775	Tarzan the Terrible	Edgar Rice Burroughs	97911	7253
776	The Mystery of Edwin Drood	Charles Dickens	97843	9214
777	The Boy Knight	George Alfred Henty	97820	7133
778	What Maisie Knew	Henry James	97804	7053
779	Ned Myers	James Fenimore Cooper	97764	6448
780	Fraternity	John Galsworthy	97758	8037
781	What Is Man? And Other Essays	Mark Twain	97732	9668
782	Roman Holidays and Others	William Dean Howells	97565	10154
783	Smoke Bellew	Jack London	97381	8120
784	The Life of Horatio Lord Nelson	Robert Southey	97373	7656
785	Prescott of Saskatchewan	Harold Bindloss	97357	6752
786	To the Last Man	Zane Grey	97200	7499
787	Saint's Progress	John Galsworthy	97151	7434
788	Winning His Spurs	George Alfred Henty	97070	7116
789	By Sheer Pluck	George Alfred Henty	97036	7129
790	Five Tales	John Galsworthy	97013	8260
791	Blown to Bits	R M Ballantyne	96974	8333
792	The Poems of Jonathan Swift, D.D., Volume 1	Jonathan Swift	96969	11538
793	Red Rooney	R M Ballantyne	96920	7463
794	The Works of Edgar Allan Poe Volume 2	Edgar Allan Poe	96903	10203
795	Familiar Studies of Men & Books	Robert Louis Stevenson	96886	10584
796	Evolution and Ethics and Other Essays	Thomas Henry Huxley	96807	9340
797	Rivers of Ice	R M Ballantyne	96716	8425
798	The $30,000 Bequest and Other Stories	Mark Twain	96597	9482
799	Cock Lane and Common-Sense	Andrew Lang	96595	9606
800	Carmen's Messenger	Harold Bindloss	96592	5977
801	The Rover of the Andes	R M Ballantyne	96546	8403
802	The Purple Land	William Henry Hudson	96540	8370
803	Biographia Epistolaris, Volume 1	Samuel Taylor Coleridge	96504	10005
804	Jack Archer	George Alfred Henty	96461	6808
805	Dusty Diamonds Cut and Polished	R M Ballantyne	96443	8143
806	The Tempting of Tavernake	Edward Phillips Oppenheim	96404	6300
807	Stories from the Italian Poets: With Lives of the Writers, Volume 1	Leigh Hunt	96332	11590
808	Rose in Bloom	Louisa May Alcott	96300	7333
809	The Lady Of Blossholme	Henry Rider Haggard	96291	6544
810	The Big Otter	R M Ballantyne	96286	7953
811	A Prairie Courtship	Harold Bindloss	96192	6384
812	The Poetical Works of Alexander Pope, Volume 1	Alexander Pope	96173	10309
813	The Wanderer's Necklace	Henry Rider Haggard	96133	5632
814	The Confidence-Man	Herman Melville	96130	10408
815	Two on a Tower	Thomas Hardy	96031	8734
816	Discourses	Thomas Henry Huxley	95978	9149
817	The Son of Tarzan	Edgar Rice Burroughs	95966	7430
818	The Giant of the North	R M Ballantyne	95953	7908
819	The Fugitives	R M Ballantyne	95923	7960
820	The Mischief Maker	Edward Phillips Oppenheim	95878	6569
821	By Right of Purchase	Harold Bindloss	95755	6296
822	The Wild Man of the West	R M Ballantyne	95555	7840
823	Child of Storm	Henry Rider Haggard	95555	6143
824	Considerations on Representative Government	John Stuart Mill	95543	6849
825	The Impostor	Harold Bindloss	95514	6439
826	Orange and Green	George Alfred Henty	95435	6323
827	Jack and Jill	Louisa May Alcott	95289	7606
828	The Secret of the Reef	Harold Bindloss	95202	7107
829	Homer and His Age	Andrew Lang	95032	8022
830	The Buffalo Runners	R M Ballantyne	94968	7643
831	A Journal of the Plague Year	Daniel Defoe	94807	5674
832	Deep Down, a Tale of the Cornish Mines	R M Ballantyne	94686	8349
833	Doctor Grimshawe's Secret	Nathaniel Hawthorne	94676	8586
834	The Job	Sinclair Lewis	94636	10085
835	Brandon of the Engineers	Harold Bindloss	94631	6295
836	Mr. Grex of Monte Carlo	Edward Phillips Oppenheim	94597	6733
837	Blue Lights	R M Ballantyne	94551	8183
838	Mark Twain's Speeches	Mark Twain	94546	8239
839	Post Haste	R M Ballantyne	94424	8470
840	All Roads Lead to Calvary	Jerome Klapka Jerome	94312	8119
841	The Mad King	Edgar Rice Burroughs	94273	6875
842	A Prince of Sinners	Edward Phillips Oppenheim	94248	6897
843	Under the Waves	R M Ballantyne	94168	8131
844	The Long Portage	Harold Bindloss	94158	6967
845	Gentle Measures in the Management and Training of the Young	Jacob Abbott	93957	6102
846	In the Reign of Terror	George Alfred Henty	93955	6042
847	Black Ivory	R M Ballantyne	93833	8314
848	The House of Martha	Frank Richard Stockton	93830	6000
849	Lucy Maud Montgomery Short Stories, 1905 to 1906	Lucy Maud Montgomery	93776	7274
850	The Nest of the Sparrowhawk	Baronness Orczy	93740	7984
851	Coleridge's Literary Remains, Volume 2	Samuel Taylor Coleridge	93721	11039
852	Fighting the Flames	R M Ballantyne	93706	7853
853	Modern Painters, Volume 2 (of 5)	John Ruskin	93706	8378
854	The Floating Light of the Goodwin Sands	R M Ballantyne	93702	8427
855	History of the Plague in London	Daniel Defoe	93699	6420
856	The New Jerusalem	G K Chesterton	93671	8537
857	Tales of Troy and Greece	Andrew Lang	93651	5439
858	The Yellow God	Henry Rider Haggard	93524	7039
859	The Gorilla Hunters	R M Ballantyne	93479	7233
860	Rodney Stone	Sir Arthur Conan Doyle	93230	7960
861	The Poetical Works of John Dryden, Volume 1	John Dryden	93199	10138
862	A Modern Utopia	Herbert George Wells	93067	9912
863	The Settler and the Savage	R M Ballantyne	93005	8808
864	Commodore Barney's Young Spies	James Otis	92973	6069
865	Blake's Burden	Harold Bindloss	92690	6779
866	The Iron Horse	R M Ballantyne	92674	8018
867	The Long Vacation	Charlotte Mary Yonge	92670	8166
868	Essays	Ralph Waldo Emerson	92656	10613
869	To the Gold Coast for Gold, Volume 2	Sir Richard Francis Burton	92517	11689
870	The Patrician	John Galsworthy	92354	8283
871	The Day of the Beast	Zane Grey	92325	7805
872	Westminster Sermons	Charles Kingsley	92263	6140
873	Reprinted Pieces	Charles Dickens	92253	10054
874	The Secret Agent	Joseph Conrad	92172	8728
875	The Hermits	Charles Kingsley	92040	8463
876	To Let	John Galsworthy	91975	7874
877	Anne Of Avonlea	Lucy Maud Montgomery	91974	7330
878	The Works of Robert Louis Stevenson - Swanston Edition, Volume 22	Robert Louis Stevenson	91951	11421
879	Soldiers Three	Rudyard Kipling	91856	8818
880	The Lighted Way	Edward Phillips Oppenheim	91829	6122
881	Literary and General Lectures and Essays	Charles Kingsley	91805	9687
882	The Walrus Hunters	R M Ballantyne	91680	7238
883	An Unsocial Socialist	George Bernard Shaw	91676	8722
884	Ragged Lady	William Dean Howells	91581	6580
885	The Bravest of the Brave	George Alfred Henty	91558	6669
886	The Young Trawler	R M Ballantyne	91524	7309
887	Lord Tony's Wife	Baronness Orczy	91425	7867
888	Coleridge's Literary Remains, Volume 1	Samuel Taylor Coleridge	91219	11982
889	The Battery and the Boiler	R M Ballantyne	91064	8277
890	Mistress Wilding	Rafael Sabatini	90721	7572
891	The Lifeboat	R M Ballantyne	90677	7500
892	Speeches and Letters of Abraham Lincoln, 1832-1865	Abraham Lincoln	90667	7261
893	The Story Girl	Lucy Maud Montgomery	90631	6941
894	The Return of Tarzan	Edgar Rice Burroughs	90596	7176
895	The Coast of Adventure	Harold Bindloss	90580	6909
896	The League of the Leopard	Harold Bindloss	90569	7920
897	A Legend of Montrose	Sir Walter Scott	90534	9455
898	The Jewel of Seven Stars	Bram Stoker	90527	6576
899	Main-Travelled Roads	Hamlin Garland	90522	8318
900	The Two Destinies	Wilkie Collins	90508	6324
901	What I Saw in America	G K Chesterton	90461	8674
902	The Lighthouse	R M Ballantyne	90405	7705
903	Partners of the Out-Trail	Harold Bindloss	90391	5241
904	Harding of Allenwood	Harold Bindloss	90389	6930
905	The Lonely Island	R M Ballantyne	90383	7914
906	Hilda Wade	Grant Allen	90317	8755
907	Green Mansions	William Henry Hudson	90240	7245
908	Heroes and Hero Worship	Thomas Carlyle	90239	8355
909	Modern Italian Poets	William Dean Howells	90174	10039
910	The Spirit of the Border	Zane Grey	90172	7626
911	The Works of Edgar Allan Poe Volume 1	Edgar Allan Poe	90148	9189
912	The Norsemen in the West	R M Ballantyne	90133	7006
913	Hudson Bay	R M Ballantyne	90129	8110
914	Autobiography of Benjamin Franklin, Version 4	Benjamin Franklin	90043	7786
915	The Professor	Charlotte Bronte	89934	9577
916	Miscellanies	Oscar Wilde	89846	8915
917	The Ancient Allan	Henry Rider Haggard	89842	5890
918	Lucy Maud Montgomery Short Stories, 1907 to 1908	Lucy Maud Montgomery	89817	6927
919	The Boys of ’98	James Otis	89811	7985
920	Shifting Winds	R M Ballantyne	89715	7928
921	Johnstone of the Border	Harold Bindloss	89641	6380
922	A People's Man	Edward Phillips Oppenheim	89629	6571
923	A Changed Man and Other Tales	Thomas Hardy	89620	8212
924	The Life of John Sterling	Thomas Carlyle	89552	9909
925	Rose of Dutcher's Coolly	Hamlin Garland	89484	8049
926	The Good News of God	Charles Kingsley	89444	4553
927	The Hot Swamp	R M Ballantyne	89345	6914
928	History of Friedrich II of Prussia, Volume 16	Thomas Carlyle	89264	10354
929	The Iron Heel	Jack London	89188	8468
930	Town and Country Sermons	Charles Kingsley	89173	5179
931	Out on the Pampas	George Alfred Henty	89110	6087
932	The Analysis of Mind	Bertrand Russell	89105	5284
933	On the Pampas	George Alfred Henty	89093	6096
934	Mrs. Cliff's Yacht	Frank Richard Stockton	89076	5783
935	A Daughter of the Snows	Jack London	89075	9141
936	Henrietta's Wish	Charlotte Mary Yonge	89039	6708
937	St. Martin's Summer	Rafael Sabatini	88850	7276
938	Memoirs of Sherlock Holmes	Sir Arthur Conan Doyle	88730	7076
939	The Prose Works of Jonathan Swift, D.D., Volume 6	Jonathan Swift	88603	7005
940	The Chessmen of Mars	Edgar Rice Burroughs	88594	6764
941	The Writings of Abraham Lincoln, Volume 2: 1843-1858	Abraham Lincoln	88499	6921
942	In the Track of the Troops	R M Ballantyne	88443	8275
943	The Illustrious Prince	Edward Phillips Oppenheim	88423	6212
944	Moon of Israel	Henry Rider Haggard	88307	5068
945	Chronicles of the Canongate	Sir Walter Scott	88292	10081
946	The Hillman	Edward Phillips Oppenheim	88231	6654
947	The Works of Robert Louis Stevenson - Swanston Edition, Volume 12	Robert Louis Stevenson	88092	7462
948	A Bride of the Plains	Baronness Orczy	88031	6899
949	Minstrelsy of the Scottish border (3rd ed) (1 of 3)	Sir Walter Scott	87959	11348
950	A Shepherd's Life	William Henry Hudson	87938	7137
951	The Master of Ballantrae	Robert Louis Stevenson	87885	7475
952	The Pirate City	R M Ballantyne	87882	8423
953	The Dog Crusoe and his Master	R M Ballantyne	87768	7297
954	The Works of Robert Louis Stevenson - Swanston Edition, Volume 8	Robert Louis Stevenson	87730	7537
955	Coral Reefs	Charles Darwin	87681	5123
956	The Tangled Skein	Baronness Orczy	87618	7583
957	The Story of the Malakand Field Force	Sir Winston Churchill	87402	7823
958	The Writings of James Russell Lowell in Prose and Poetry, Volume V	James Russell Lowell	87286	8887
959	Howard Pyle's Book of Pirates	Howard Pyle	87285	7387
960	Moods	Louisa May Alcott	87236	8036
961	Scenes and Characters	Charlotte Mary Yonge	87190	6404
962	For Name and Fame	George Alfred Henty	87170	6415
963	The Coming of Bill	P G Wodehouse	87063	7510
964	Sermons for the Times	Charles Kingsley	86970	4876
965	Tarzan of the Apes	Edgar Rice Burroughs	86755	7278
966	The Minute Boys of the Mohawk Valley	James Otis	86622	5482
967	The Valet's Tragedy and Other Stories	Andrew Lang	86606	8729
968	Free Air	Sinclair Lewis	86568	9511
969	Havoc	Edward Phillips Oppenheim	86559	5672
970	Miss Cayley's Adventures	Grant Allen	86557	8899
971	London to Ladysmith via Pretoria	Sir Winston Churchill	86511	7787
972	Silver Pitchers: and Independence	Louisa May Alcott	86254	7915
973	Cashel Byron's Profession	George Bernard Shaw	86069	7872
974	Love-at-Arms	Rafael Sabatini	86007	7653
975	Alroy	Benjamin Disraeli	85930	7877
976	A Portrait of the Artist as a Young Man	James Joyce	85842	8895
977	The Scarlet Pimpernel	Baronness Orczy	85782	7131
978	Idylls of the King	Lord Tennyson	85677	6866
979	The Captain of the Pole-Star and Other Tales	Sir Arthur Conan Doyle	85587	9011
980	From Twice Told Tales	Nathaniel Hawthorne	85574	9052
981	Science in Arcady	Grant Allen	85181	10292
982	The Lion's Skin	Rafael Sabatini	85143	7317
983	The Scarlet Letter	Nathaniel Hawthorne	85124	8511
984	Morning Star	Henry Rider Haggard	84986	5234
985	History of Friedrich II of Prussia, Volume 19	Thomas Carlyle	84983	9010
986	To the Gold Coast for Gold, Volume 1	Sir Richard Francis Burton	84852	13017
987	The Elusive Pimpernel	Baronness Orczy	84744	7831
988	A Set of Six	Joseph Conrad	84650	8722
989	Lay Morals	Robert Louis Stevenson	84644	10120
990	The Wicked Marquis	Edward Phillips Oppenheim	84584	6798
991	Smith and the Pharaohs, and Other Tales	Henry Rider Haggard	84547	7089
992	Liberalism and the Social Problem	Sir Winston Churchill	84419	6869
993	The Vanished Messenger	Edward Phillips Oppenheim	84294	6133
994	Rainbow Valley	Lucy Maud Montgomery	84219	6676
995	The Bostonians, Volume 2	Henry James	84119	6767
996	Persuasion	Jane Austen	84119	5738
997	Under the Lilacs	Louisa May Alcott	83978	7290
998	The Crayon Papers	Washington Irving	83753	9958
999	Vailima Letters	Robert Louis Stevenson	83605	8619
1000	The Land of Midian, Volume 1	Sir Richard Francis Burton	83433	11227
1001	Anne's House of Dreams	Lucy Maud Montgomery	83348	6728
1002	Kidnapped	Robert Louis Stevenson	83340	6500
1003	When the Sleeper Wakes	Herbert George Wells	83335	7973
1004	The Gods of Mars	Edgar Rice Burroughs	83307	6832
1005	Other Main-Travelled Roads	Hamlin Garland	83234	8000
1006	The Snare	Rafael Sabatini	83135	7333
1007	King Solomon's Mines	Henry Rider Haggard	83129	7001
1008	Wyndham's Pal	Harold Bindloss	83060	5412
1009	New Worlds For Old	Herbert George Wells	83048	8568
1010	The Heritage of the Desert	Zane Grey	83007	7129
1011	Piccadilly Jim	P G Wodehouse	83002	7732
1012	The Lure of the North	Harold Bindloss	83000	5341
1013	Wessex Tales	Thomas Hardy	82989	7751
1014	The Dragon and the Raven	George Alfred Henty	82934	6133
1015	The Wings of the Dove, Volume 1	Henry James	82866	6283
1016	Military Memoirs of Capt. George Carleton	Daniel Defoe	82865	7112
1017	A Spoil of Office	Hamlin Garland	82826	8138
1018	The Return	Walter de la Mare	82768	7081
1019	The Eagle's Heart	Hamlin Garland	82529	7428
1020	Afoot in England	William Henry Hudson	82438	8227
1021	In the Days of the Comet	Herbert George Wells	82412	8989
1022	The Christmas Books	William Makepeace Thackeray	82354	8872
1023	The Chronology of Ancient Kingdoms Amended	Sir Isaac Newton	82245	7399
1024	Sartor Resartus	Thomas Carlyle	82177	11262
1025	Paradise Lost	John Milton	82131	9737
1026	Lectures and Essays, Version 2	Thomas Henry Huxley	82066	8257
1027	The History of the Life and Adventures of Mr. Duncan Campbell	Daniel Defoe	81980	7697
1028	Valley of Wild Horses	Zane Grey	81837	6740
1029	The Heart of a Woman	Baronness Orczy	81700	6893
1030	The Book of Dreams and Ghosts	Andrew Lang	81578	7663
1031	The Shame of Motley	Rafael Sabatini	81529	7235
1032	The Magic Egg and Other Stories	Frank Richard Stockton	81477	5908
1033	The Picture of Dorian Gray	Oscar Wilde	81416	7003
1034	Personal Recollections of Joan of Arc, Volume 1	Mark Twain	81184	7098
1035	Pink and White Tyranny	Harriet Elizabeth Beecher Stowe	81173	7471
1036	Annie Kilburn	William Dean Howells	81162	6871
1037	The Letters of Charles Dickens Volume 3	Charles Dickens	81094	8166
1038	The Piazza Tales	Herman Melville	81063	10341
1039	The Traitors	Edward Phillips Oppenheim	80954	6314
1040	The Merry Men	Robert Louis Stevenson	80937	8625
1041	The Country House	John Galsworthy	80925	7100
1042	The Cruise of the Snark	Jack London	80904	8529
1043	Kit Musgrave's Luck	Harold Bindloss	80903	5198
1044	Pickle the Spy	Andrew Lang	80898	8524
1045	The Works of Edgar Allan Poe Volume 4	Edgar Allan Poe	80891	9850
1046	Soul of a Bishop	Herbert George Wells	80798	8508
1047	Our Mr. Wrenn	Sinclair Lewis	80765	8529
1048	The Black Arrow	Robert Louis Stevenson	80747	7028
1049	The Ball and The Cross	G K Chesterton	80744	7866
1050	Heart of the West	O Henry	80723	10102
1051	The Seven Lamps of Architecture	John Ruskin	80675	7533
1052	John Knox and the Reformation	Andrew Lang	80628	8028
1053	Nobody's Man	Edward Phillips Oppenheim	80621	7238
1054	Custom and Myth	Andrew Lang	80481	8454
1055	Cavanaugh: Forest Ranger	Hamlin Garland	80444	7116
1056	The Betrayal	Edward Phillips Oppenheim	80351	5919
1057	The Kentons	William Dean Howells	80331	6016
1058	Trent's Trust and Other Stories	Bret Harte	80233	8345
1059	A Pair of Patient Lovers	William Dean Howells	80226	6406
1060	The Lost Ambassador	Edward Phillips Oppenheim	80167	5145
1061	The Adventures of Sally	P G Wodehouse	80097	7731
1062	The Explorer	William Somerset Maugham	80063	6805
1063	Anne Of The Island	Lucy Maud Montgomery	80040	7235
1064	The Innocence of Father Brown	G K Chesterton	79936	7816
1065	The Protector	Harold Bindloss	79901	6639
1066	Life's Little Ironies	Thomas Hardy	79892	7639
1067	The Writings of Abraham Lincoln, Volume 1: 1832-1843	Abraham Lincoln	79734	7853
1068	Historical Mysteries	Andrew Lang	79713	8793
1069	Anticipations	Herbert George Wells	79690	8776
1070	Notes on Life and Letters	Joseph Conrad	79624	8992
1071	Cape Cod	Henry David Thoreau	79597	8240
1072	Lister's Great Adventure	Harold Bindloss	79585	5301
1073	A Short History of Scotland	Andrew Lang	79553	8534
1074	Kitty's Class Day And Other Stories	Louisa May Alcott	79542	7744
1075	The Bostonians, Volume 1	Henry James	79456	7007
1076	The Dark Flower	John Galsworthy	79361	6420
1077	Mr. Marx's Secret	Edward Phillips Oppenheim	79149	6325
1078	Speeches: Literary and Social	Charles Dickens	79061	7846
1079	The Sacred Fount	Henry James	79023	5586
1080	A Damsel in Distress	P G Wodehouse	78949	7923
1081	Dr. Wortle's School	Anthony Trollope	78933	4750
1082	The World of Ice	R M Ballantyne	78903	7251
1083	Round-about Rambles in Lands of Fact and Fancy	Frank Richard Stockton	78808	7050
1084	A Jolly Fellowship	Frank Richard Stockton	78723	4787
1085	The Lady of the Lake	Sir Walter Scott	78621	9796
1086	A Boy's Town	William Dean Howells	78617	6903
1087	The Golden Road	Lucy Maud Montgomery	78591	6657
1088	Benita, An African Romance	Henry Rider Haggard	78483	5836
1089	To Win the Love He Sought	Edward Phillips Oppenheim	78453	6379
1090	Sea and Sardinia	D H Lawrence	78438	8293
1091	Vikram and the Vampire	Sir Richard Francis Burton	78418	9199
1092	The Burgess Animal Book for Children	Thornton Waldo Burgess	78314	3990
1093	Modern Broods	Charlotte Mary Yonge	78159	7389
1094	Northanger Abbey	Jane Austen	78087	6008
1095	The Marble Faun, Volume 2	Nathaniel Hawthorne	78040	8365
1096	The Writings of Abraham Lincoln, Volume 7: 1863-1865	Abraham Lincoln	77932	6122
1097	Jeanne of the Marshes	Edward Phillips Oppenheim	77894	5285
1098	Confidence	Henry James	77816	5779
1099	The Great Taboo	Grant Allen	77733	6844
1100	The Secret Adversary	Agatha Christie	77714	6555
1101	The Collected Works of Ambrose Bierce, Volume 2	Ambrose Bierce	77526	8574
1102	Whirligigs	O Henry	77391	10077
1103	Bardelys the Magnificent	Rafael Sabatini	77371	6924
1104	Minstrelsy of the Scottish border (2 of 3)	Sir Walter Scott	77369	10210
1105	The Blithedale Romance	Nathaniel Hawthorne	77310	8602
1106	Two Trips to Gorilla Land and the Cataracts of the Congo, Volume 2	Sir Richard Francis Burton	77255	11921
1107	The Young Colonists	George Alfred Henty	77234	5735
1108	The Sleeper Awakes	Herbert George Wells	77205	7545
1109	The Lost World	Sir Arthur Conan Doyle	77161	7748
1110	True Stories from History and Biography	Nathaniel Hawthorne	77098	7082
1111	The Green Flag	Sir Arthur Conan Doyle	77079	8046
1112	Tales of Fishes	Zane Grey	77016	6371
1113	Nina Balatka	Anthony Trollope	76965	4749
1114	The Lady of the Aroostook	William Dean Howells	76912	6643
1115	The Yellow Crayon	Edward Phillips Oppenheim	76905	5907
1116	The Burgess Bird Book for Children	Thornton Waldo Burgess	76881	3718
1117	Something New	P G Wodehouse	76838	7445
1118	Autobiography of Benjamin Franklin, Version 1	Benjamin Franklin	76818	7472
1119	The Poetical Works of William Wordsworth, Volume 4	William Wordsworth	76768	8874
1120	The Cinema Murder	Edward Phillips Oppenheim	76767	6097
1121	The Life and Death of Mr. Badman	John Bunyan	76766	5509
1122	The Great Impersonation	Edward Phillips Oppenheim	76764	6614
1123	A Little Tour in France, Version 1	Henry James	76715	8471
1124	The League of the Scarlet Pimpernel	Baronness Orczy	76704	6825
1125	The Master Mummer	Edward Phillips Oppenheim	76659	6024
1126	The New Tenant	Edward Phillips Oppenheim	76597	6424
1127	The Trembling of a Leaf	William Somerset Maugham	76582	6455
1128	The Last Galley	Sir Arthur Conan Doyle	76473	8138
1129	The Moon and Sixpence	William Somerset Maugham	76445	6885
1130	Sketches and Studies	Nathaniel Hawthorne	76315	8325
1131	Twice Bought	R M Ballantyne	76277	6634
1132	A Maker of History	Edward Phillips Oppenheim	76240	6261
1133	The Food of the Gods and How It Came to Earth	Herbert George Wells	76230	8339
1134	Lucy Maud Montgomery Short Stories, 1902 to 1903	Lucy Maud Montgomery	76198	6865
1135	Rewards and Fairies	Rudyard Kipling	76182	6967
1136	The Avenger	Edward Phillips Oppenheim	76151	5677
1137	Tales of Terror and Mystery	Sir Arthur Conan Doyle	76135	7410
1138	Right Ho, Jeeves	P G Wodehouse	76071	7284
1139	Indiscretions of Archie	P G Wodehouse	76069	7265
1140	An Amateur Fireman	James Otis	76052	4774
1141	The Dynamiter	Robert Louis Stevenson	76034	8061
1142	A Millionaire of Yesterday	Edward Phillips Oppenheim	76008	6297
1143	Kept in the Dark	Anthony Trollope	75894	4378
1144	A Little Tour in France, Version 2	Henry James	75868	8989
1145	Aunt Charlotte's Stories of Greek History	Charlotte Mary Yonge	75728	6256
1146	An Old Man's Love	Anthony Trollope	75704	4499
1147	Autobiography	John Stuart Mill	75522	6807
1148	Their Wedding Journey	William Dean Howells	75453	8732
1149	Jungle Tales of Tarzan	Edgar Rice Burroughs	75422	6411
1150	The Exploits Of Brigadier Gerard	Sir Arthur Conan Doyle	75403	6134
1151	The Collected Works of Ambrose Bierce, Volume 1	Ambrose Bierce	75389	9553
1152	A Lost Leader	Edward Phillips Oppenheim	75363	5835
1153	The Call of the Canyon	Zane Grey	75300	7528
1154	Appreciations and Criticisms of the Works of Charles Dickens	G K Chesterton	75250	7349
1155	Frankenstein	Mary Shelley	75232	6975
1156	Latter-Day Pamphlets	Thomas Carlyle	75216	8074
1157	Peter the Great	Jacob Abbott	75017	6010
1158	Northwest!	Harold Bindloss	74974	4074
1159	Madam How and Lady Why	Charles Kingsley	74932	5453
1160	The Rustlers of Pecos County	Zane Grey	74870	6131
1161	The Box with the Broken Seals	Edward Phillips Oppenheim	74863	5995
1162	Essays, First Series	Ralph Waldo Emerson	74850	8865
1163	The Great Secret	Edward Phillips Oppenheim	74826	5690
1164	Eight Cousins	Louisa May Alcott	74823	6705
1165	Spinning-Wheel Stories	Louisa May Alcott	74817	7291
1166	History of Friedrich II of Prussia, Volume 15	Thomas Carlyle	74807	8266
1167	The Light That Failed	Rudyard Kipling	74794	7083
1168	The Historical Nights' Entertainment, Second Series	Rafael Sabatini	74760	8330
1169	The Missioner	Edward Phillips Oppenheim	74708	6312
1170	Twelve Stories and a Dream	Herbert George Wells	74697	7814
1171	The Works of Edgar Allan Poe Volume 5	Edgar Allan Poe	74673	9782
1172	Another Sheaf	John Galsworthy	74658	8225
1173	The Golden Web	Edward Phillips Oppenheim	74593	5569
1174	James VI and the Gowrie Mystery	Andrew Lang	74542	7107
1175	Autobiography of Benjamin Franklin, Version 3	Benjamin Franklin	74297	7079
1176	Twilight Land	Howard Pyle	74239	4035
1177	Freaks on the Fells	R M Ballantyne	74233	7325
1178	History of Friedrich II of Prussia, Volume 12	Thomas Carlyle	74232	8675
1179	London Films	William Dean Howells	74158	8804
1180	Plain Tales from the Hills	Rudyard Kipling	74154	7609
1181	Mosses from an Old Manse and Other Stories	Nathaniel Hawthorne	74134	8394
1182	The Evil Shepherd	Edward Phillips Oppenheim	74128	6555
1183	Silas Marner	George Eliot	74101	6821
1184	True Words for Brave Men	Charles Kingsley	74064	5316
1185	That Stick	Charlotte Mary Yonge	73995	6649
1186	The Magician	William Somerset Maugham	73989	7207
1187	Buccaneers and Pirates of Our Coasts	Frank Richard Stockton	73981	5751
1188	Abbeychurch	Charlotte Mary Yonge	73974	6015
1189	Facing Death	George Alfred Henty	73827	5706
1190	Ralph Gurney's Oil Speculation	James Otis	73819	5481
1191	Adventures among Books	Andrew Lang	73808	9772
1192	The Last Trail	Zane Grey	73787	6691
1193	Stories Of Ohio	William Dean Howells	73702	6998
1194	White Fang	Jack London	73642	6544
1195	The Moving Finger	Edward Phillips Oppenheim	73640	5673
1196	The Man with Two Left Feet	P G Wodehouse	73626	6854
1197	The Elements of Drawing	John Ruskin	73577	5864
1198	Tales of Space and Time	Herbert George Wells	73458	7807
1199	Prose Idylls	Charles Kingsley	73418	9229
1200	The Crusade of the Excelsior	Bret Harte	73416	7858
1201	Adventure	Jack London	73413	7247
1202	A Garland for Girls	Louisa May Alcott	73355	6535
1203	The Wisdom of Father Brown	G K Chesterton	73336	7726
1204	The Adventures of Tom Sawyer, Complete	Mark Twain	73327	7147
1205	Strictly Business	O Henry	73326	9820
1206	The Warden	Anthony Trollope	73292	6785
1207	Sturdy and Strong	George Alfred Henty	73259	5446
1208	The Hero	William Somerset Maugham	73221	6529
1209	The Malefactor	Edward Phillips Oppenheim	73205	5714
1210	The Land of Midian, Volume 2	Sir Richard Francis Burton	73187	9495
1211	The Making of a Saint	William Somerset Maugham	73106	6309
1212	Rolling Stones	O Henry	73048	9705
1213	The Little Nugget	P G Wodehouse	73041	6806
1214	The Double Traitor	Edward Phillips Oppenheim	73017	6050
1215	The Eagle Cliff	R M Ballantyne	72944	7310
1216	Pictures from Italy	Charles Dickens	72865	8709
1217	Further Chronicles of Avonlea	Lucy Maud Montgomery	72753	6598
1218	Excursions	Henry David Thoreau	72692	8839
1219	Stones of Venice [introductions]	John Ruskin	72634	8408
1220	A Monk of Cruta	Edward Phillips Oppenheim	72618	5720
1221	The Coast of Bohemia	William Dean Howells	72453	5823
1222	Personal Recollections of Joan of Arc, Volume 2	Mark Twain	72324	6696
1223	The Red Man's Revenge	R M Ballantyne	72282	7174
1224	Down the Slope	James Otis	72225	5077
1225	The Trespasser	D H Lawrence	72158	6860
1226	The Island Pharisees	John Galsworthy	72145	7653
1227	An Eye for an Eye	Anthony Trollope	71990	4963
1228	Linda Tressel	Anthony Trollope	71988	4637
1229	The Last of the Plainsmen	Zane Grey	71971	7292
1230	Mysticism and Logic and Other Essays	Bertrand Russell	71951	5681
1231	The Pawns Count	Edward Phillips Oppenheim	71884	6155
1232	The Struggles of Brown, Jones, and Robinson	Anthony Trollope	71875	5932
1233	Sir Harry Hotspur of Humblethwaite	Anthony Trollope	71845	4807
1234	The Dealings of Captain Sharkey and Other Tales of Pirates	Sir Arthur Conan Doyle	71782	7563
1235	Cousin Henry	Anthony Trollope	71763	4323
1236	The Spoils of Poynton	Henry James	71726	5835
1237	The Problem of China	Bertrand Russell	71701	7072
1238	The Kingdom of the Blind	Edward Phillips Oppenheim	71670	5738
1239	The Boy Scouts in A Trapper's Camp	Thornton Waldo Burgess	71660	6060
1240	Many Cargoes	William Wymark Jacobs	71564	6355
1241	Victor Ollnee's Discipline	Hamlin Garland	71562	6664
1242	The Trampling of the Lilies	Rafael Sabatini	71561	7036
1243	They and I	Jerome Klapka Jerome	71558	6558
1244	'Twixt Land & Sea	Joseph Conrad	71480	7126
1245	The Trembling of the Veil	William Butler Yeats	71370	7489
1246	The Old Man in the Corner	Baronness Orczy	71361	6128
1247	Letters of Travel (1892-1913)	Rudyard Kipling	71183	9442
1248	Our Knowledge of the External World as a Field for Scientific Method in Philosophy	Bertrand Russell	71043	4826
1249	Wayside Courtships	Hamlin Garland	71015	7467
1250	Jerry of the Islands	Jack London	71014	7544
1251	The Tavern Knight	Rafael Sabatini	70959	6708
1252	The Intrusion of Jimmy	P G Wodehouse	70959	6798
1253	The Golden Lion of Granpere	Anthony Trollope	70915	4392
1254	Shakespeare, Ben Jonson, Beaumont and Fletcher	Samuel Taylor Coleridge	70894	8801
1255	Essays of Travel	Robert Louis Stevenson	70670	9265
1256	The History of Mr. Polly	Herbert George Wells	70659	8653
1257	The Prince and The Pauper, Complete	Mark Twain	70452	7720
1258	A Group of Noble Dames	Thomas Hardy	70430	7196
1259	The Three Mulla-mulgars	Walter de la Mare	70353	5829
1260	Treasure Island	Robert Louis Stevenson	70277	5842
1261	Observations upon the Prophecies of Daniel, and the Apocalypse of St. John	Sir Isaac Newton	70262	8000
1262	Two Penniless Princesses	Charlotte Mary Yonge	70216	7525
1263	A Runaway Brig	James Otis	69991	5374
1264	Plays: Lady Frederick, The Explorer, A Man of Honor	William Somerset Maugham	69937	5228
1265	Studies in Literature	John Morley	69866	8697
1266	Through the Eye of the Needle	William Dean Howells	69792	6366
1267	The Prince and Betty	P G Wodehouse	69787	7180
1268	The Day's Work, Part 1	Rudyard Kipling	69741	7787
1269	Round the Red Lamp	Sir Arthur Conan Doyle	69702	7491
1270	The Water-Babies	Charles Kingsley	69674	5973
1271	The Girl on the Boat	P G Wodehouse	69647	7009
1272	The Great Keinplatz Experiment and Other Tales of Twilight and the Unseen	Sir Arthur Conan Doyle	69634	7493
1273	The Man from Archangel	Sir Arthur Conan Doyle	69604	7724
1274	Twenty-Five Village Sermons	Charles Kingsley	69571	4315
1275	The First Men In The Moon	Herbert George Wells	69460	7176
1276	Man And Superman	George Bernard Shaw	69460	7890
1277	The Fixed Period	Anthony Trollope	69421	5330
1278	Novel Notes	Jerome Klapka Jerome	69362	7020
1279	The Associate Hermits	Frank Richard Stockton	69293	4952
1280	Men of Iron	Howard Pyle	69283	6077
1281	Birds and Man	William Henry Hudson	69252	6978
1282	Catherine: A Story	William Makepeace Thackeray	69232	7470
1283	Dubliners	James Joyce	69223	7167
1284	The Shadow World	Hamlin Garland	69064	6217
1285	The Collected Works of Ambrose Bierce, Volume 8	Ambrose Bierce	68972	10240
1286	The Rover Boys on a Tour	Edward Stratemeyer	68955	4533
1287	Stalky & Co	Rudyard Kipling	68918	7729
1288	Friarswood Post-Office	Charlotte Mary Yonge	68816	5087
1289	The Economic Consequences of the Peace	John Maynard Keynes	68779	6257
1290	Rudder Grange	Frank Richard Stockton	68722	5362
1291	Three Men in a Boat	Jerome Klapka Jerome	68698	6580
1292	A Duet	Sir Arthur Conan Doyle	68623	6518
1293	Mr. Meeson's Will	Henry Rider Haggard	68613	6150
1294	Three Men on the Bummel	Jerome Klapka Jerome	68553	7015
1295	Chronicles of Avonlea	Lucy Maud Montgomery	68436	6343
1296	The Surgeon's Daughter	Sir Walter Scott	68418	7729
1297	Actions and Reactions	Rudyard Kipling	68164	8589
1298	Among Malay Pirates	George Alfred Henty	68065	5523
1299	The Double Life Of Mr. Alfred Burton	Edward Phillips Oppenheim	67915	5794
1300	The Adventures of Gerard	Sir Arthur Conan Doyle	67845	5772
1301	Uneasy Money	P G Wodehouse	67781	6805
1302	The Story of a Play	William Dean Howells	67743	5298
1303	Autobiography of Benjamin Franklin, Version 2	Benjamin Franklin	67598	6495
1304	Men's Wives	William Makepeace Thackeray	67591	7359
1305	The Survivor	Edward Phillips Oppenheim	67446	6010
1306	Poems By Walt Whitman	Walt Whitman	67432	8993
1307	Fighting in Cuban Waters	Edward Stratemeyer	67391	5788
1308	The Prince and the Page	Charlotte Mary Yonge	67382	7347
1309	Shakespeare, Bacon and the Great Unknown	Andrew Lang	67380	6476
1310	The Little White Bird	James Matthew Barrie	67264	6300
1311	An African Millionaire	Grant Allen	67263	7192
1312	A Master of Craft	William Wymark Jacobs	67200	6151
1313	Arcadian Adventures with the Idle Rich	Stephen Leacock	67186	6776
1314	Dave Porter At Bear Camp	Edward Stratemeyer	67109	4256
1315	A Traveler from Altruria	William Dean Howells	66962	6009
1316	Tales of Trail and Town	Bret Harte	66951	7923
1317	Soldiers Three, Part 2	Rudyard Kipling	66918	7836
1318	Tarzan and the Jewels of Opar	Edgar Rice Burroughs	66840	6324
1319	Israel Potter	Herman Melville	66772	9109
1320	Love and Mr. Lewisham	Herbert George Wells	66698	7407
1321	The Three Partners	Bret Harte	66665	6588
1322	Options	O Henry	66526	8535
1323	Sanitary and Social Lectures and Essays	Charles Kingsley	66493	7051
1324	A Traveller in Little Things	William Henry Hudson	66433	6802
1325	England, My England	D H Lawrence	66357	6378
1326	The Governors	Edward Phillips Oppenheim	66351	4719
1327	Genghis Khan	Jacob Abbott	66323	5328
1328	A Princess of Mars	Edgar Rice Burroughs	66294	6413
1329	The Daughter of the Storage	William Dean Howells	66240	6647
1330	Records of a Family of Engineers	Robert Louis Stevenson	66139	6766
1331	John Barleycorn	Jack London	66108	7494
1332	The Intriguers	Harold Bindloss	66084	5844
1333	The Rover Boys in the Land of Luck	Edward Stratemeyer	66057	4768
1334	The Outlaw of Torn	Edgar Rice Burroughs	65987	6275
1335	Burke	John Morley	65984	8059
1336	The World Set Free	Herbert George Wells	65813	8513
1337	The American Claimant	Mark Twain	65785	7038
1338	The Search for the Silver City	James Otis	65778	5167
1339	Richard II	Jacob Abbott	65771	5486
1340	A Critic in Pall Mall	Oscar Wilde	65759	8824
1341	Notes on a Journey from Cornhill to Grand Cairo	William Makepeace Thackeray	65749	8711
1342	Tanglewood Tales	Nathaniel Hawthorne	65673	5859
1343	Suburban Sketches	William Dean Howells	65661	8699
1344	The Second Thoughts of An Idle Fellow	Jerome Klapka Jerome	65570	7176
1345	The Book of Snobs	William Makepeace Thackeray	65557	8860
1346	The Second Jungle Book	Rudyard Kipling	65548	5591
1347	Castles in the Air	Baronness Orczy	65542	6627
1348	Dave Porter at Star Ranch	Edward Stratemeyer	65504	4533
1349	Thackeray	Anthony Trollope	65496	7383
1350	The Forester's Daughter	Hamlin Garland	65493	6354
1351	Under the Storm	Charlotte Mary Yonge	65392	6082
1352	Passages from the American Notebooks, Volume 2	Nathaniel Hawthorne	65373	7615
1353	The Rover Boys on Snowshoe Island	Edward Stratemeyer	65308	4389
1354	Washington Square	Henry James	65285	5430
1355	Sixes and Sevens	O Henry	65162	8546
1356	The Consolidator	Daniel Defoe	65122	6157
1357	The Secret Places of the Heart	Herbert George Wells	65069	6886
1358	Birds in Town and Village	William Henry Hudson	65006	7252
1359	Under the Redwoods	Bret Harte	65006	8240
1360	State of the Union Addresses of Ulysses S. Grant	Ulysses Grant	64891	5486
1361	Countess Kate	Charlotte Mary Yonge	64856	5305
1362	The Devil's Paw	Edward Phillips Oppenheim	64843	6143
1363	Cabbages and Kings	O Henry	64834	8664
1364	The Kipling Reader	Rudyard Kipling	64766	6991
1365	Dave Porter and His Rivals	Edward Stratemeyer	64742	4564
1366	The Works of Robert Louis Stevenson - Swanston Edition, Volume 15	Robert Louis Stevenson	64692	5559
1367	The Well-Beloved	Thomas Hardy	64678	6914
1368	Anna the Adventuress	Edward Phillips Oppenheim	64675	5353
1369	Heretics	G K Chesterton	64646	6733
1370	The Beasts of Tarzan	Edgar Rice Burroughs	64637	5926
1371	Wolfert's Roost and Miscellanies	Washington Irving	64633	8735
1372	The Adventures of a Country Boy at a Country Fair	James Otis	64630	4573
1373	Tatterdemalion	John Galsworthy	64606	7130
1374	A Foregone Conclusion	William Dean Howells	64580	6490
1375	Dave Porter in the Gold Fields	Edward Stratemeyer	64507	4437
1376	Marching on Niagara	Edward Stratemeyer	64499	4968
1377	The Bell-Ringer of Angel's and Other Stories	Bret Harte	64487	7915
1378	Fantasia of the Unconscious	D H Lawrence	64447	6303
1379	First at the North Pole	Edward Stratemeyer	64429	4815
1380	The Great Prince Shan	Edward Phillips Oppenheim	64341	6112
1381	Jacob's Ladder	Edward Phillips Oppenheim	64309	6266
1382	Sylvie and Bruno	Lewis Carroll	64250	5815
1383	On the Trail of Pontiac	Edward Stratemeyer	64205	4777
1384	Orthodoxy	G K Chesterton	64205	6577
1385	Lucy Maud Montgomery Short Stories, 1896 to 1901	Lucy Maud Montgomery	64165	6419
1386	Rambles Beyond Railways	Wilkie Collins	64146	8107
1387	Richard I	Jacob Abbott	64145	5550
1388	The Rover Boys at Big Horn Ranch	Edward Stratemeyer	64088	4664
1389	The Zeppelin's Passenger	Edward Phillips Oppenheim	63917	5419
1390	I Will Repay	Baronness Orczy	63911	6564
1391	The Rover Boys at Colby Hall	Edward Stratemeyer	63876	4719
1392	At Sunwich Port	William Wymark Jacobs	63852	6239
1393	An Amiable Charlatan	Edward Phillips Oppenheim	63739	5245
1394	Almayer's Folly	Joseph Conrad	63720	6277
1395	Openings in the Old Trail	Bret Harte	63618	7544
1396	The Haunted Hotel	Wilkie Collins	63557	5329
1397	Young Folks' History of Rome	Charlotte Mary Yonge	63521	5871
1398	Beasts and Super-Beasts	Hector Hugh Munro	63495	8129
1399	Dave Porter and His Double	Edward Stratemeyer	63451	4330
1400	The Chosen People	Charlotte Mary Yonge	63422	5934
1401	The Marble Faun, Volume 1	Nathaniel Hawthorne	63407	7334
1402	Septimius Felton	Nathaniel Hawthorne	63377	6559
1403	Dave Porter and the Runaways	Edward Stratemeyer	63285	4320
1404	Embarrassments	Henry James	63262	6201
1405	Tales of Unrest	Joseph Conrad	63090	6949
1406	The Double Four	Edward Phillips Oppenheim	63063	5813
1407	The People of the Abyss	Jack London	63053	7722
1408	Discourses on Satire and Epic Poetry	John Dryden	62872	7124
1409	Hume	Thomas Henry Huxley	62779	6757
1410	Tales of the Argonauts	Bret Harte	62644	7781
1411	Grisly Grisell	Charlotte Mary Yonge	62571	6878
1412	Prince Otto	Robert Louis Stevenson	62547	7200
1413	A Footnote to History	Robert Louis Stevenson	62541	7322
1414	Within the Tides	Joseph Conrad	62518	6707
1415	What is Coming?	Herbert George Wells	62502	7220
1416	Messenger No. 48	James Otis	62496	4544
1417	Odd Craft	William Wymark Jacobs	62467	5068
1418	The Clicking of Cuthbert	P G Wodehouse	62448	6782
1419	The Casting Away of Mrs. Lecks and Mrs. Aleshine	Frank Richard Stockton	62409	5131
1420	Passages from the American Notebooks, Volume 1	Nathaniel Hawthorne	62272	7983
1421	The Suitors of Yvonne	Rafael Sabatini	62233	6180
1422	The Stokesley Secret	Charlotte Mary Yonge	62226	5256
1423	For the Liberty of Texas	Edward Stratemeyer	62205	5024
1424	Dave Porter in the South Seas	Edward Stratemeyer	62071	4716
1425	War and the Future	Herbert George Wells	62063	7809
1426	Brown Wolf and Other Jack London Stories	Jack London	61992	6798
1427	Dialstone Lane	William Wymark Jacobs	61974	5806
1428	Cleopatra	Jacob Abbott	61974	5993
1429	The Rover Boys on a Hunt	Edward Stratemeyer	61930	4457
1430	Dave Porter on Cave Island	Edward Stratemeyer	61882	4397
1431	Edgar Allan Poe's Complete Poetical Works	Edgar Allan Poe	61871	8086
1432	From Sand Hill to Pine	Bret Harte	61805	6902
1433	A Chapter of Adventures	George Alfred Henty	61735	4738
1434	The Campaign of the Jungle	Edward Stratemeyer	61702	5042
1435	A Chance Acquaintance	William Dean Howells	61687	6822
1436	Across The Plains	Robert Louis Stevenson	61606	8780
1437	Sunshine Sketches of a Little Town	Stephen Leacock	61569	6078
1438	The Mirror of the Sea	Joseph Conrad	61524	7890
1439	The Devil's Dictionary	Ambrose Bierce	61388	10909
1440	A Search For A Secret, a Novel, Volume 1	George Alfred Henty	61312	5472
1441	The Rover Boys in the Air	Edward Stratemeyer	61290	4672
1442	Proserpina, Volume 1	John Ruskin	61263	7585
1443	Pomona's Travels	Frank Richard Stockton	61251	4710
1444	Martin Rattler	R M Ballantyne	61226	6585
1445	Christian Science	Mark Twain	61164	7119
1446	Sketches in Lavender, Blue and Green	Jerome Klapka Jerome	61127	6614
1447	The Toys of Peace	Hector Hugh Munro	61092	8260
1448	Stories of New Jersey	Frank Richard Stockton	61074	5446
1449	A Short History of England	G K Chesterton	60994	7139
1450	History of Friedrich II of Prussia, Volume 13	Thomas Carlyle	60980	7585
1451	Poems	Ralph Waldo Emerson	60951	8776
1452	The Middy and the Moors	R M Ballantyne	60931	6156
1453	The Wizard	Henry Rider Haggard	60857	4696
1454	The War of the Worlds	Herbert George Wells	60833	6719
1455	Robert Browning	G K Chesterton	60761	7171
1456	The Man Who Knew Too Much	G K Chesterton	60752	6307
1457	Stories in Light and Shadow	Bret Harte	60668	7809
1458	A Walk from London to Fulham	Thomas Crofton Croker	60664	7763
1459	Nero	Jacob Abbott	60646	5721
1460	The Europeans	Henry James	60629	5207
1461	Aunt Jane's Nieces Abroad	Lyman Frank Baum	60532	6605
1462	Young Auctioneers	Edward Stratemeyer	60512	4510
1463	Dave Porter in the Far North	Edward Stratemeyer	60401	4777
1464	A Crystal Age	William Henry Hudson	60332	6143
1465	Ariadne Florentina	John Ruskin	60139	6962
1466	Under the Greenwood Tree	Thomas Hardy	60139	6553
1467	All Things Considered	G K Chesterton	60120	6657
1468	The Shadow On The Dial, and Other Essays	Ambrose Bierce	60090	8219
1469	Can Such Things Be?	Ambrose Bierce	60079	7272
1470	Pyrrhus	Jacob Abbott	60065	5294
1471	Memoirs of Mr. Charles J. Yellowplush	William Makepeace Thackeray	60006	8237
1472	The Hound of the Baskervilles	Sir Arthur Conan Doyle	59997	5533
1473	What's Wrong With The World	G K Chesterton	59848	7276
1474	Dr. Breen's Practice	William Dean Howells	59787	5405
1475	Puck of Pook's Hill	Rudyard Kipling	59768	5747
1476	The Formation of Vegetable Mould through the action of worms with observations of their habits	Charles Darwin	59751	4579
1477	The Rover Boys in Alaska	Edward Stratemeyer	59709	4551
1478	The Poetry of Architecture	John Ruskin	59644	6322
1479	The War in South Africa	Sir Arthur Conan Doyle	59506	6505
1480	The Great Stone of Sardis	Frank Richard Stockton	59461	4882
1481	The Complete Essays of John Galsworthy	John Galsworthy	59436	7282
1482	The Rover Boys in Business	Edward Stratemeyer	59387	4333
1483	Xerxes	Jacob Abbott	59334	5670
1484	Salthaven	William Wymark Jacobs	59272	5468
1485	More Bywords	Charlotte Mary Yonge	59243	7290
1486	Margaret of Anjou	Jacob Abbott	59240	5107
1487	Intentions	Oscar Wilde	59181	7491
1488	True to Himself	Edward Stratemeyer	59148	4401
1489	Anglo-Saxon Britain	Grant Allen	59118	7287
1490	American Boy's Life of Theodore Roosevelt	Edward Stratemeyer	59096	5816
1491	Two Trips to Gorilla Land and the Cataracts of the Congo, Volume 1	Sir Richard Francis Burton	59088	9687
1492	Impressions of Theophrastus Such	George Eliot	59070	8605
1493	A First Family of Tasajara	Bret Harte	59045	6793
1494	The Crew of the Water Wagtail	R M Ballantyne	59019	6198
1495	The Black Dwarf	Sir Walter Scott	58961	7513
1496	Getting Married	George Bernard Shaw	58939	6293
1497	Psmith, Journalist	P G Wodehouse	58928	6491
1498	Danger! and Other Stories	Sir Arthur Conan Doyle	58923	6961
1499	Manalive	G K Chesterton	58906	7251
1500	The Valley of Fear	Sir Arthur Conan Doyle	58876	5593
1501	Essays in Little	Andrew Lang	58876	8617
1502	A Modern Telemachus	Charlotte Mary Yonge	58850	7091
1503	A Son Of The Sun	Jack London	58839	6808
1504	The Mark Of Cain	Andrew Lang	58828	7156
1505	The Trimmed Lamp	O Henry	58755	8201
1506	Essays, Second Series	Ralph Waldo Emerson	58645	8002
1507	The Lances of Lynwood	Charlotte Mary Yonge	58558	5865
1508	The Patchwork Girl of Oz	Lyman Frank Baum	58538	4523
1509	Regeneration	Henry Rider Haggard	58525	6254
1510	Crome Yellow	Aldous Huxley	58521	7765
1511	Representative Men	Ralph Waldo Emerson	58505	8467
1512	On Compromise	John Morley	58434	6818
1513	Pellucidar	Edgar Rice Burroughs	58406	5878
1514	The Monster Men	Edgar Rice Burroughs	58357	5650
1515	Our Fathers Have Told Us, Part I, The Bible of Amiens	John Ruskin	58254	8478
1516	Uncle Bernac	Sir Arthur Conan Doyle	58249	6035
1517	The Island Queen	R M Ballantyne	58239	6225
1518	Volcanic Islands	Charles Darwin	58216	4505
1519	Drift from Two Shores	Bret Harte	58205	8060
1520	The Man Who Was Thursday	G K Chesterton	58191	6241
1521	Richard III	Jacob Abbott	58173	5039
1522	Dracula's Guest	Bram Stoker	58123	6161
1523	The Mysterious Affair at Styles	Agatha Christie	58097	5220
1524	The Celebrity, Complete	Winston Churchill	58074	6293
1525	In the Wrong Paradise	Andrew Lang	58066	7783
1526	Hannibal	Jacob Abbott	57993	5346
1527	History of Friedrich II of Prussia, Volume 9	Thomas Carlyle	57928	7054
1528	Verses 1889-1896	Rudyard Kipling	57899	7175
1529	Grandfather's Chair	Nathaniel Hawthorne	57881	6235
1530	Memoir of Fleeming Jenkin	Robert Louis Stevenson	57840	7847
1531	Discipline and Other Sermons	Charles Kingsley	57837	4619
1532	The Water of Life and Other Sermons	Charles Kingsley	57766	4940
1533	Romulus	Jacob Abbott	57715	5747
1534	Twilight in Italy	D H Lawrence	57693	6587
1535	Aratra Pentelici, Seven Lectures on the Elements of Sculpture	John Ruskin	57690	6991
1536	The Carbonels	Charlotte Mary Yonge	57576	5871
1537	My Literary Passions	William Dean Howells	57498	5864
1538	Warlord of Mars	Edgar Rice Burroughs	57481	5690
1539	History of King Charles II of England	Jacob Abbott	57429	5779
1540	Alfred Tennyson	Andrew Lang	57405	7994
1541	Modern Mythology	Andrew Lang	57376	6722
1542	The Trail of the Goldseekers	Hamlin Garland	57290	6439
1543	To Alaska for Gold	Edward Stratemeyer	57280	4770
1544	The Rover Boys on Treasure Isle	Edward Stratemeyer	57279	4600
1545	Grace Abounding to the Chief of Sinners	John Bunyan	57274	4325
1546	The Outcry	Henry James	57193	5184
1547	Cyrus the Great	Jacob Abbott	57055	5770
1548	Sally Dows and Other Stories	Bret Harte	57053	7137
1549	Hawthorne	Henry James	57033	6977
1550	The Wheels of Chance	Herbert George Wells	57014	6890
1551	The Reverberator	Henry James	56953	5424
1552	Three Men and a Maid	P G Wodehouse	56925	6242
1553	Ideas of Good and Evil	William Butler Yeats	56895	6173
1554	The Gospel of the Pentateuch	Charles Kingsley	56887	4172
1555	The Pharisee And The Publican	John Bunyan	56827	4064
1556	Tommy and Co	Jerome Klapka Jerome	56756	5795
1557	The Princess and Joe Potter	James Otis	56682	4222
1558	Becket and other plays	Lord Tennyson	56680	5529
1559	At the Fall of Port Arthur	Edward Stratemeyer	56655	4640
1560	Complete Poetical Works of Bret Harte	Bret Harte	56643	8160
1561	Sky Island	Lyman Frank Baum	56630	4634
1562	Cressy	Bret Harte	56584	7081
1563	The Profiteers	Edward Phillips Oppenheim	56574	5267
1564	The Rape of the Lock and Other Poems	Alexander Pope	56572	7533
1565	The Rover Boys in New York	Edward Stratemeyer	56535	4133
1566	Tremendous Trifles	G K Chesterton	56498	6684
1567	Text Book of Biology, Part 1: Vertebrata	Herbert George Wells	56489	5292
1568	The Young Pitcher	Zane Grey	56420	5179
1569	A Protegee of Jack Hamlin's and Other Stories	Bret Harte	56418	7092
1570	On the Makaloa Mat	Jack London	56410	7154
1571	A Joy For Ever	John Ruskin	56386	6136
1572	William the Conqueror	Jacob Abbott	56366	5870
1573	Second Treatise of Government	John Locke	56344	4426
1574	The Lair of the White Worm	Bram Stoker	56326	5589
1575	Aunt Jo's Scrap-Bag VI	Louisa May Alcott	56282	5353
1576	The Stolen Bacillus and Other Incidents	Herbert George Wells	56130	7237
1577	A Sappho of Green Springs	Bret Harte	56058	6546
1578	History of Friedrich II of Prussia, Volume 14	Thomas Carlyle	56055	7423
1579	Jacob's Room	Virginia Woolf	56055	7239
1580	First and Last Things	Herbert George Wells	56051	6727
1581	Queen Mary and Harold	Lord Tennyson	56031	5592
1582	Letters to the Clergy	John Ruskin	56024	6821
1583	Captains Courageous	Rudyard Kipling	55967	6660
1584	The Napoleon of Notting Hill	G K Chesterton	55964	6327
1585	The Two Paths	John Ruskin	55954	6333
1586	The Young Bridge-Tender	Edward Stratemeyer	55799	4222
1587	Revolution and Other Essays	Jack London	55734	7913
1588	The Rover Boys at College	Edward Stratemeyer	55615	4313
1589	Mike and Psmith	P G Wodehouse	55595	5720
1590	The Bee-Man of Orn and Other Fanciful Tales	Frank Richard Stockton	55575	4567
1591	The Leatherwood God	William Dean Howells	55552	5082
1592	"The Nigger Of The ""Narcissus"""	Joseph Conrad	55515	6913
1593	Darius the Great	Jacob Abbott	55509	5488
1594	The Finer Grain	Henry James	55504	6078
1595	Young Folks' History of England	Charlotte Mary Yonge	55497	4383
1596	A Search For A Secret, a Novel, Volume 2	George Alfred Henty	55492	4470
1597	The Redheaded Outfield and Other Baseball Stories	Zane Grey	55429	5522
1598	Seven English Cities	William Dean Howells	55334	7373
1599	Certain Personal Matters	Herbert George Wells	55323	8520
1600	Charles Darwin	Grant Allen	55225	7193
1601	The Tragedy of Pudd'nhead Wilson	Mark Twain	55222	6346
1602	A Search For A Secret, a Novel, Volume 3	George Alfred Henty	55195	4375
1603	Malvina of Brittany	Jerome Klapka Jerome	55129	5658
1604	A Chosen Few	Frank Richard Stockton	55039	4792
1605	The Rudder Grangers Abroad and Other Stories	Frank Richard Stockton	54969	4813
1606	The Mystery at Putnam Hall	Edward Stratemeyer	54967	4215
1607	Consolations in Travel	Sir Humphry Davy	54940	6065
1608	Colonel Starbottle's Client and Other Stories	Bret Harte	54904	7215
1609	The Emerald City of Oz	Lyman Frank Baum	54897	4739
1610	The Voice of the City	O Henry	54758	8369
1611	Autobiography and Selected Essays	Thomas Henry Huxley	54725	6715
1612	Recalled to Life	Grant Allen	54564	4564
1613	A Fearful Responsibility and Other Stories	William Dean Howells	54426	5808
1614	My Lady's Money	Wilkie Collins	54357	5020
1615	An Essay on the Principle of Population	Thomas Robert Malthus	54335	4695
1616	Essays of Robert Louis Stevenson	Robert Louis Stevenson	54189	7946
1617	Proposed Roads To Freedom	Bertrand Russell	54169	5779
1618	Finger Prints	Sir Francis Galton	54099	5000
1619	Man on the Ocean	R M Ballantyne	54060	6161
1620	Lulu's Library, Volume II	Louisa May Alcott	54054	4178
1621	Psmith in the City	P G Wodehouse	53979	5953
1622	Autobiography of a Pocket-Hankerchief	James Fenimore Cooper	53972	6109
1623	The Prairie Chief	R M Ballantyne	53931	5531
1624	Cobwebs From an Empty Skull	Ambrose Bierce	53895	8465
1625	History of Friedrich II of Prussia, Volume 3	Thomas Carlyle	53780	7031
1626	Elissa	Henry Rider Haggard	53739	4518
1627	Mary Queen of Scots	Jacob Abbott	53716	5106
1628	The Chronicles of Clovis	Hector Hugh Munro	53689	8063
1629	The Four Million	O Henry	53687	8046
1630	History of Julius Caesar	Jacob Abbott	53677	5476
1631	The Function Of The Poet And Other Essays	James Russell Lowell	53615	8260
1632	The God of His Fathers	Jack London	53570	6632
1633	Charles I	Jacob Abbott	53559	5208
1634	The Night-Born	Jack London	53460	6537
1635	Mr. Jack Hamlin's Mediation and Other Stories	Bret Harte	53331	6699
1636	A Wonder Book for Girls & Boys	Nathaniel Hawthorne	53300	5089
1637	Symbolic Logic	Lewis Carroll	53260	3273
1638	Alexander the Great	Jacob Abbott	53241	5463
1639	Mary Louise in the Country	Lyman Frank Baum	53230	5441
1640	A Miscellany of Men	G K Chesterton	53128	7185
1641	The Ethics of the Dust	John Ruskin	53041	5672
1642	Aunt Jane's Nieces	Lyman Frank Baum	53018	5120
1643	Personal Reminiscences in Book Making	R M Ballantyne	52989	6664
1644	My Man Jeeves	P G Wodehouse	52868	4877
1645	George Bernard Shaw	G K Chesterton	52865	6706
1646	Memories and Portraits	Robert Louis Stevenson	52729	8132
1647	The Wound Dresser	Walt Whitman	52707	4553
1648	Idle Ideas in 1905	Jerome Klapka Jerome	52663	6411
1649	When God Laughs and Other Stories	Jack London	52607	6322
1650	Prairie Folks	Hamlin Garland	52528	6273
1651	The Rover Boys In The Mountains	Edward Stratemeyer	52465	4236
1652	A Bicycle of Cathay	Frank Richard Stockton	52458	4078
1653	Aunt Jane's Nieces Out West	Lyman Frank Baum	52433	5458
1654	The Coxswain's Bride	R M Ballantyne	52393	6084
1655	Auguste Comte and Positivism	John Stuart Mill	52393	5818
1656	The Jungle Book	Rudyard Kipling	52337	4573
1657	On Liberty	John Stuart Mill	52330	5672
1658	The Road	Jack London	52159	5849
1659	Tales of St. Austin's	P G Wodehouse	52147	5894
1660	Goblin Tales of Lancashire	James Bowker	52121	7355
1661	Clarence	Bret Harte	52091	6013
1662	The Young Oarsmen of Lakeview	Edward Stratemeyer	52034	4601
1663	The Crime of the Congo	Sir Arthur Conan Doyle	52026	5945
1664	South Sea Tales	Jack London	51959	5831
1665	The Movements and Habits of Climbing Plants	Charles Darwin	51876	3506
1666	Short Stories and Essays	William Dean Howells	51869	7283
1667	My Lady Nicotine	James Matthew Barrie	51817	5472
1668	Toby Tyler	James Otis	51654	4101
1669	Love Among the Chickens	P G Wodehouse	51544	5995
1670	The Saint's Tragedy	Charles Kingsley	51509	7303
1671	Essays and Lectures	Oscar Wilde	51477	6105
1672	Short Cruises	William Wymark Jacobs	51462	4600
1673	Children of the Frost	Jack London	51425	5470
1674	End of the Tether	Joseph Conrad	51413	6529
1675	The Turtles of Tasman	Jack London	51412	6662
1676	The Hohenzollerns in America	Stephen Leacock	51397	5963
1677	The Young Forester	Zane Grey	51397	5053
1678	The Rover Boys on Land and Sea	Edward Stratemeyer	51355	3940
1679	What Might Have Been Expected	Frank Richard Stockton	51280	4233
1680	When William Came	Hector Hugh Munro	51217	7498
1681	Tales and Fantasies	Robert Louis Stevenson	51195	6336
1682	The Squirrel Inn	Frank Richard Stockton	51178	4426
1683	The History of Samuel Titmarsh	William Makepeace Thackeray	51170	4976
1684	Susy, A Story of the Plains	Bret Harte	51052	6344
1685	The Land of The Blessed Virgin; Sketches and Impressions in Andalusia	William Somerset Maugham	50975	7761
1686	Allan's Wife	Henry Rider Haggard	50964	4714
1687	Aunt Jane's Nieces at Millville	Lyman Frank Baum	50942	5769
1688	Alarms and Discursions	G K Chesterton	50910	6955
1689	Queen Elizabeth	Jacob Abbott	50820	5327
1690	The Efficiency Expert	Edgar Rice Burroughs	50781	4941
1691	Between The Dark And The Daylight	William Dean Howells	50776	5327
1692	Out with Gun and Camera	Edward Stratemeyer	50714	3952
1693	The Heritage of Dedlow Marsh and Other Tales	Bret Harte	50536	6951
1694	The Madman and the Pirate	R M Ballantyne	50523	5615
1695	Kipling Stories and Poems Every Child Should Know, Book II	Rudyard Kipling	50519	6231
1696	Orientations	William Somerset Maugham	50465	5732
1697	Boys of The Fort	Edward Stratemeyer	50448	3903
1698	The Great Shadow and Other Napoleonic Tales	Sir Arthur Conan Doyle	50428	4924
1699	Further Foolishness	Stephen Leacock	50404	5539
1700	Aunt Jane's Nieces on Vacation	Lyman Frank Baum	50234	5866
1701	History of Friedrich II of Prussia, Volume 11	Thomas Carlyle	50193	7276
1702	At the Earth's Core	Edgar Rice Burroughs	50176	5423
1703	The Rover Boys at School	Edward Stratemeyer	50155	4364
1704	More Cargoes	William Wymark Jacobs	50148	5190
1705	Sea Urchins	William Wymark Jacobs	50121	5166
1706	Virginibus Puerisque	Robert Louis Stevenson	50114	7458
1707	The Rover Boys in Camp	Edward Stratemeyer	50100	4427
1708	Dorothy's Double, Volume 1	George Alfred Henty	50071	3927
1709	The Rover Boys on the Farm	Edward Stratemeyer	50070	4537
1710	The Works of Robert Louis Stevenson - Swanston Edition, Volume 14	Robert Louis Stevenson	50059	7274
1711	Island Nights' Entertainments	Robert Louis Stevenson	50044	4355
1712	Frenzied Fiction	Stephen Leacock	49978	5496
1713	Abbotsford and Newstead Abbey	Washington Irving	49929	6722
1714	The Rover Boys in Southern Waters	Edward Stratemeyer	49818	4036
1715	The Invisible Man	Herbert George Wells	49817	5695
1716	The Son of the Wolf	Jack London	49811	6363
1717	Essays on some unsettled Questions of Political Economy	John Stuart Mill	49796	3832
1718	The Salvaging Of Civilisation	Herbert George Wells	49783	5823
1719	Rinkitink in Oz	Lyman Frank Baum	49709	4502
1720	A Collection of Ballads	Andrew Lang	49676	6418
1721	Love of Life and Other Stories	Jack London	49627	5217
1722	Browning's Shorter Poems	Robert Browning	49607	7501
1723	Scientific Essays and Lectures	Charles Kingsley	49602	5809
1724	The Mystery of Cloomber	Sir Arthur Conan Doyle	49585	6324
1725	Stolen Treasure	Howard Pyle	49524	5130
1726	Philosopher Jack	R M Ballantyne	49515	5692
1727	The Queen of the Air	John Ruskin	49483	6705
1728	An Essay Upon Projects	Daniel Defoe	49428	4887
1729	King Alfred of England	Jacob Abbott	49389	5559
1730	The Rover Boys on the Plains	Edward Stratemeyer	49200	4175
1731	Val d'Arno	John Ruskin	49180	6861
1732	Lectures on Art	John Ruskin	49177	5607
1733	Soldier Stories	Rudyard Kipling	49171	6620
1734	Light Freights	William Wymark Jacobs	49170	4809
1735	Moon-Face and Other Stories	Jack London	49163	6733
1736	Adonais	P B Shelley	49157	6536
1737	Young Hunters of the Lake	Edward Stratemeyer	49124	3824
1738	The Higher Court	Mary Stewart Daggett	49115	5846
1739	Tik-Tok of Oz	Lyman Frank Baum	49087	4573
1740	The Unbearable Bassington	Hector Hugh Munro	48931	7302
1741	Sesame and Lilies	John Ruskin	48902	6115
1742	The Rover Boys out West	Edward Stratemeyer	48849	4392
1743	Heartbreak House	George Bernard Shaw	48784	5818
1744	Ship's Company	William Wymark Jacobs	48775	4255
1745	Aunt Jane's Nieces at Work	Lyman Frank Baum	48744	5017
1746	Weir of Hermiston	Robert Louis Stevenson	48743	6896
1747	A Ward of the Golden Gate	Bret Harte	48739	5990
1748	The Rover Boys on the Great Lakes	Edward Stratemeyer	48594	3916
1749	Dorothy's Double, Volume 2	George Alfred Henty	48563	3877
1750	Teddy and Carrots	James Otis	48527	3747
1751	Eugenics and Other Evils	G K Chesterton	48480	6147
1752	A Rogue's Life	Wilkie Collins	48451	5749
1753	The Heroes	Charles Kingsley	48441	4183
1754	The Rover Boys on the River	Edward Stratemeyer	48354	4122
1755	Ways of Wood Folk	William J Long	48325	4980
1756	Boon, The Mind of the Race, The Wild Asses of the Devil, and The Last Trump	Herbert George Wells	48300	7402
1757	Lucy Maud Montgomery Short Stories, 1904	Lucy Maud Montgomery	48286	5105
1758	Mathilda	Mary Shelley	48259	5537
1759	The Rover Boys on the Ocean	Edward Stratemeyer	48185	4019
1760	The Poetical Works of Elizabeth Barrett Browning Volume I	Elizabeth Barrett Browning	48182	6267
1761	History of Friedrich II of Prussia, Volume 7	Thomas Carlyle	48182	6733
1762	Four Boy Hunters	Edward Stratemeyer	48166	3767
1763	Peter Pan	James Matthew Barrie	48159	4854
1764	The Strength of the Strong	Jack London	48110	6540
1765	Doctor Therne	Henry Rider Haggard	48049	5545
1766	Peter and Wendy	James Matthew Barrie	48028	4812
1767	Aphorisms and Reflections from the Works of T. H. Huxley	Thomas Henry Huxley	47998	6983
1768	Biographies of Working Men	Grant Allen	47983	5863
1769	Lectures on Architecture and Painting	John Ruskin	47929	5565
1770	Essay on Man	Alexander Pope	47838	7036
1771	A Desert Drama	Sir Arthur Conan Doyle	47799	5666
1772	The Lost Princess of Oz	Lyman Frank Baum	47749	3986
1773	The Faith of Men	Jack London	47744	6501
1774	Thuvia, Maid of Mars	Edgar Rice Burroughs	47729	5278
1775	The Lady of the Barge	William Wymark Jacobs	47681	5084
1776	The Biglow Papers	James Russell Lowell	47668	9424
1777	John Keble's Parishes	Charlotte Mary Yonge	47640	7957
1778	The Last Cruise of the Spitfire	Edward Stratemeyer	47591	3906
1779	The Tragedy of The Korosko	Sir Arthur Conan Doyle	47533	5629
1780	Mary Louise	Lyman Frank Baum	47529	5190
1781	Time and Tide by Weare and Tyne	John Ruskin	47461	5884
1782	Richard Dare's Venture	Edward Stratemeyer	47273	4062
1783	Black Beetles in Amber	Ambrose Bierce	47191	8538
1784	The Herd Boy and His Hermit	Charlotte Mary Yonge	47127	5464
1785	The Scarecrow of Oz	Lyman Frank Baum	47114	4243
1786	Thoughts on the Present Discontents	Edmund Burke	47056	5281
1787	Rollo on the Atlantic	Jacob Abbott	47002	3946
1788	The Missing Tin Box	Edward Stratemeyer	47001	3605
1789	Shapes of Clay	Ambrose Bierce	46954	8613
1790	Tales of Daring and Danger	George Alfred Henty	46943	5540
1791	The Angel and the Author - and Others	Jerome Klapka Jerome	46773	6016
1792	Mary Louise Solves a Mystery	Lyman Frank Baum	46647	5128
1793	Guns And Snowshoes	Edward Stratemeyer	46630	3801
1794	Mother Goose in Prose	Lyman Frank Baum	46621	4141
1795	The Woman Who Did	Grant Allen	46580	6024
1796	Master Humphrey's Clock	Charles Dickens	46563	6057
1797	The Cutting of an Agate	William Butler Yeats	46562	5826
1798	Mary Louise and the Liberty Girls	Lyman Frank Baum	46469	5348
1799	A Tale of a Tub	Jonathan Swift	46372	6574
1800	The White Feather	P G Wodehouse	46294	4790
1801	The Burning Spear	John Galsworthy	46293	5673
1802	The Head of Kay's	P G Wodehouse	46254	4886
1803	A Personal Record	Joseph Conrad	46215	6786
1804	Some Reminiscences	Joseph Conrad	46204	6797
1805	Deep Waters	William Wymark Jacobs	46139	4228
1806	The Phantom Rickshaw and Other Ghost Stories	Rudyard Kipling	46117	5730
1807	Sketches	Benjamin Disraeli	46056	6575
1808	Historical Lectures and Essays	Charles Kingsley	45996	6699
1809	The Guilty River	Wilkie Collins	45985	4586
1810	The Boy Land Boomer	Edward Stratemeyer	45938	4245
1811	Auld Licht Idylls	James Matthew Barrie	45920	6119
1812	The Writings of Abraham Lincoln, Volume 3	Abraham Lincoln	45890	3769
1813	Mariposilla	Mary Stewart Daggett	45798	6464
1814	Corporal 'Lige's Recruit	James Otis	45622	5059
1815	Through the Magic Door	Sir Arthur Conan Doyle	45606	6784
1816	Rollo in Paris	Jacob Abbott	45604	3658
1817	Wood Folk at School	William J Long	45549	4895
1818	On the Kentucky Frontier	James Otis	45499	4059
1819	Aunt Jane’s Nieces on the Ranch	Lyman Frank Baum	45417	5107
1820	The Gentle Grafter	O Henry	45316	6502
1821	My Discovery of England	Stephen Leacock	45285	5549
1822	The Light of the Star	Hamlin Garland	45248	5344
1823	Glaucus; or The Wonders of the Shore	Charles Kingsley	45246	6727
1824	The Rover Boys in the Jungle	Edward Stratemeyer	45086	4394
1825	Hunted and Harried	R M Ballantyne	45028	5923
1826	The Gold Bat	P G Wodehouse	44919	4650
1827	The Club of Queer Trades	G K Chesterton	44911	5512
1828	The Tin Woodman of Oz	Lyman Frank Baum	44878	3825
1829	History of Friedrich II of Prussia, Volume 10	Thomas Carlyle	44827	6789
1830	The Island of Doctor Moreau	Herbert George Wells	44558	5286
1831	Milton's Comus	John Milton	44441	7164
1832	The Ocean and its Wonders	R M Ballantyne	44360	5294
1833	On the Frontier	Bret Harte	44358	5987
1834	Shawl-Straps	Louisa May Alcott	44344	7014
1835	Eureka	Edgar Allan Poe	44308	4957
1836	The Subjection of Women	John Stuart Mill	44307	4860
1837	Lord George Bentinck	Benjamin Disraeli	44293	5694
1838	The Soul of the Far East	Percival Lowell	44239	6446
1839	Aunt Jane's Nieces and Uncle John	Lyman Frank Baum	44210	5431
1840	Town Geology	Charles Kingsley	44183	4683
1841	Confessions of an Inquiring Spirit	Samuel Taylor Coleridge	44074	6506
1842	A Study In Scarlet	Sir Arthur Conan Doyle	43964	5651
1843	Rollo in Geneva	Jacob Abbott	43958	3679
1844	Aunt Jane's Nieces in Society	Lyman Frank Baum	43936	5553
1845	Comic Tragedies	Louisa May Alcott	43919	3260
1846	The Door in the Wall And Other Stories	Herbert George Wells	43882	5592
1847	Noto, An Unexplored Corner of Japan	Percival Lowell	43831	6484
1848	The Sign of the Four	Sir Arthur Conan Doyle	43788	5361
1849	A Prefect's Uncle	P G Wodehouse	43771	4805
1850	Under the Deodars	Rudyard Kipling	43757	6164
1851	The Sea Fairies	Lyman Frank Baum	43735	4206
1852	Lincoln's Inaugurals, Addresses and Letters (Selections)	Abraham Lincoln	43720	5092
1853	Rollo in Switzerland	Jacob Abbott	43613	3387
1854	The Innocents	Sinclair Lewis	43491	6289
1855	Leo the Circus Boy	Edward Stratemeyer	43459	4243
1856	Secret of the Woods	William J Long	43367	4703
1857	The Flight of Pony Baker	William Dean Howells	43336	2776
1858	The Problems of Philosophy	Bertrand Russell	43206	3041
1859	The Skipper’s Wooing, and The Brown Man’s Servant	William Wymark Jacobs	43175	4908
1860	The Twins of Table Mountain and Other Stories	Bret Harte	43098	6271
1861	Boy Life	William Dean Howells	43095	4690
1862	Three Young Ranchmen	Edward Stratemeyer	43070	3900
1863	Maruja	Bret Harte	42961	5679
1864	Captains All	William Wymark Jacobs	42944	4116
1865	The Last of the Legions and Other Tales of Long Ago	Sir Arthur Conan Doyle	42933	5819
1866	Literary Lapses	Stephen Leacock	42928	6099
1867	Rollo in Holland	Jacob Abbott	42911	3757
1868	The Marvellous Land of Oz	Lyman Frank Baum	42905	4332
1869	Rollo in Scotland	Jacob Abbott	42861	3850
1870	Rollo on the Rhine	Jacob Abbott	42860	3918
1871	Dorothy and the Wizard in Oz	Lyman Frank Baum	42851	4117
1872	Idle Thoughts of an Idle Fellow	Jerome Klapka Jerome	42707	6162
1873	The Victorian Age in Literature	G K Chesterton	42666	6070
1874	A Little Brother to the Bear and other Animal Stories	William J Long	42637	4749
1875	Diary of a Pilgrimage	Jerome Klapka Jerome	42629	5497
1876	Aunt Jane's Nieces in the Red Cross	Lyman Frank Baum	42584	5037
1877	Mornings in Florence	John Ruskin	42582	5476
1878	The Pothunters	P G Wodehouse	42498	4684
1879	The Oakdale Affair	Edgar Rice Burroughs	42419	5143
1880	The Turn of the Screw	Henry James	42349	4389
1881	By Shore and Sedge	Bret Harte	42347	5890
1882	Indian speeches (1907-1909)	John Morley	42265	4624
1883	Lost Leaders	Andrew Lang	42251	7371
1884	The Mysterious Stranger and Other Stories	Mark Twain	42161	4789
1885	Lost Face	Jack London	42123	4934
1886	Questionable Shapes	William Dean Howells	42042	4568
1887	A Window in Thrums	James Matthew Barrie	41965	4242
1888	Love's Meinie	John Ruskin	41929	6377
1889	The Chemical History Of A Candle	Michael Faraday	41882	3028
1890	Rollo in London	Jacob Abbott	41845	3894
1891	Daily Thoughts	Charles Kingsley	41840	4871
1892	Harry Heathcote of Gangoil	Anthony Trollope	41742	3908
1893	Rollo in Naples	Jacob Abbott	41711	3848
1894	From London to Land's End	Daniel Defoe	41668	4659
1895	The Road to Oz	Lyman Frank Baum	41627	3948
1896	Dorothy's Double, Volume 3	George Alfred Henty	41614	3667
1897	My Doggie and I	R M Ballantyne	41601	4968
1898	Tales for Fifteen	James Fenimore Cooper	41584	4871
1899	Keats: Poems Published in 1820	John Keats	41570	6553
1900	The Perfect Wagnerite	George Bernard Shaw	41449	6349
1901	The Louisa Alcott Reader	Louisa May Alcott	41444	4033
1902	Behind A Mask, Or A Woman's Power	Louisa May Alcott	41423	4156
1903	The Little Duke	Charlotte Mary Yonge	41376	4580
1904	A Modern Cinderella	Louisa May Alcott	41284	5742
1905	Aunt Jo's Scrap-Bag	Louisa May Alcott	41266	4750
1906	History of Friedrich II of Prussia, Volume 4	Thomas Carlyle	41144	6630
1907	Fanshawe	Nathaniel Hawthorne	41100	5189
1908	The Sea Lady	Herbert George Wells	41045	4945
1909	The Lazy Tour of Two Idle Apprentices	Charles Dickens	41020	5650
1910	Kilmeny of the Orchard	Lucy Maud Montgomery	40962	4595
1911	Some Short Stories	Henry James	40919	4829
1912	Rollo in Rome	Jacob Abbott	40869	3448
1913	Left Behind	James Otis	40843	4259
1914	The Battle of the Books	Jonathan Swift	40746	6109
1915	Mortal Coils	Aldous Huxley	40637	5803
1916	Mrs. Skaggs's Husbands and Other Stories	Bret Harte	40544	6300
1917	The Magic of Oz	Lyman Frank Baum	40513	3500
1918	Glinda of Oz	Lyman Frank Baum	40504	3742
1919	In a Hollow of the Hills	Bret Harte	40407	5223
1920	Ballads	William Makepeace Thackeray	40363	7438
1921	Marmion	Sir Walter Scott	40355	6203
1922	Beyond the City	Sir Arthur Conan Doyle	40213	4814
1923	Aunt Jo's Scrap-Bag, Volume 5	Louisa May Alcott	40079	5179
1924	Lord Arthur Savile's Crime and Other Stories	Oscar Wilde	40017	5186
1925	Little Masterpieces	Nathaniel Hawthorne	40004	5883
1926	God The Invisible King	Herbert George Wells	39954	5744
1927	A Treatise on Parents and Children	George Bernard Shaw	39952	5721
1928	Ozma of Oz	Lyman Frank Baum	39903	4001
1929	Before Adam	Jack London	39902	4338
1930	The Wonderful Wizard of Oz	Lyman Frank Baum	39875	2904
1931	History of Friedrich II of Prussia, Volume 6	Thomas Carlyle	39875	5848
1932	Minor Poems by Milton	John Milton	39733	7125
1933	The Celtic Twilight	William Butler Yeats	39718	4267
1934	Post-Prandial Philosophy	Grant Allen	39715	6797
1935	Mr. Stubbs's Brother	James Otis	39701	3566
1936	The Aspern Papers	Henry James	39628	4236
1937	Six Months at the Cape	R M Ballantyne	39626	5865
1938	The Shadow-Line	Joseph Conrad	39603	5021
1939	Tour through the Eastern Counties of England, 1722	Daniel Defoe	39547	4500
1940	A Little Boy Lost	William Henry Hudson	39525	3840
1941	An Open-Eyed Conspiracy; An Idyl of Saratoga	William Dean Howells	39523	4247
1942	Marco Paul's Voyages and Travels; Vermont	Jacob Abbott	39498	3386
1943	Winsome Winnie and other New Nonsense Novels	Stephen Leacock	39481	5112
1944	Mary Erskine	Jacob Abbott	39334	3285
1945	Colloquies on Society	Robert Southey	39205	6033
1946	The Wonderful Visit	Herbert George Wells	39199	5248
1947	The Rose of Paradise	Howard Pyle	39130	3726
1948	Heart of Darkness, Version 1	Joseph Conrad	39092	5426
1949	The Red One	Jack London	39084	5816
1950	Heart of Darkness, Version 2	Joseph Conrad	39060	5419
1951	The People that Time Forgot	Edgar Rice Burroughs	39052	4721
1952	Death At The Excelsior	P G Wodehouse	38991	4788
1953	Moonbeams From the Larger Lunacy	Stephen Leacock	38666	5267
1954	In the Carquinez Woods	Bret Harte	38630	5220
1955	Varied Types	G K Chesterton	38630	5862
1956	The Doings Of Raffles Haw	Sir Arthur Conan Doyle	38601	4999
1957	The Vizier of the Two-Horned Alexander	Frank Richard Stockton	38560	4067
1958	The Club at Crow's Corner	James Otis	38534	2657
1959	Alexandria and her Schools	Charles Kingsley	38513	5237
1960	Silver Lake	R M Ballantyne	38506	4488
1961	The Lost Continent	Edgar Rice Burroughs	38215	4914
1962	The Practice and Theory of Bolshevism	Bertrand Russell	38191	4981
1963	The Writings of Abraham Lincoln, Volume 4	Abraham Lincoln	38171	2986
1964	In the Hands of the Malays, and Other Stories	George Alfred Henty	38162	3812
1965	John Bull's Other Island	George Bernard Shaw	38104	4986
1966	Early Kings of Norway	Thomas Carlyle	38027	5503
1967	The Fiend's Delight	Ambrose Bierce	38003	7485
1968	The Poetical Works of Elizabeth Barrett Browning Volume IV	Elizabeth Barrett Browning	37997	5972
1969	Liza of Lambeth	William Somerset Maugham	37960	3897
1970	The Story of a Mine	Bret Harte	37925	6088
1971	Poems	Oscar Wilde	37888	5517
1972	Childe Harold's Pilgrimage	Lord Byron	37839	6369
1973	The Land That Time Forgot	Edgar Rice Burroughs	37815	4726
1974	The British Barbarians	Grant Allen	37813	5258
1975	Poems	William Butler Yeats	37646	4904
1976	The Enchanted Island of Yew	Lyman Frank Baum	37637	3979
1977	History of Friedrich II of Prussia, Volume 17	Thomas Carlyle	37542	5868
1978	Preface to Androcles and the Lion	George Bernard Shaw	37412	5608
1979	Wilderness Ways	William J Long	37372	4003
1980	Sir Walter Scott and the Border Minstrelsy	Andrew Lang	37285	4687
1981	The Library	Andrew Lang	37235	6710
1982	An Inland Voyage	Robert Louis Stevenson	37156	5817
1983	On the Choice of Books	Thomas Carlyle	37112	5382
1984	Caesar and Cleopatra	George Bernard Shaw	37042	4829
1985	Ting-a-ling	Frank Richard Stockton	37041	3951
1986	Dramatic Romances	Robert Browning	36758	6496
1987	The Cruise of the Dazzler	Jack London	36664	4658
1988	Night Watches	William Wymark Jacobs	36656	3566
1989	Men and Women	Robert Browning	36635	6215
1990	A Waif of the Plains	Bret Harte	36529	5454
1991	Out of Time's Abyss	Edgar Rice Burroughs	36337	4407
1992	The Poetical Works of Elizabeth Barrett Browning Volume II	Elizabeth Barrett Browning	36221	4764
1993	The Shewing-up of Blanco Posnet	George Bernard Shaw	36219	4931
1994	History of Friedrich II of Prussia, Volume 2	Thomas Carlyle	36207	5635
1995	The Golden Canyon	George Alfred Henty	36162	3706
1996	Dead Man's Plack and an Old Thorn	William Henry Hudson	36134	4524
1997	In The Fourth Year	Herbert George Wells	36089	4752
1998	Fennel and Rue	William Dean Howells	36015	3981
1999	In the Cage	Henry James	36004	4289
2000	Michael's Crag	Grant Allen	35934	4548
2001	Frondes Agrestes	John Ruskin	35785	5466
2002	You Never Can Tell	George Bernard Shaw	35765	4222
2003	Lectures Delivered in America in 1874	Charles Kingsley	35694	5578
2004	The Master Key	Lyman Frank Baum	35579	4622
2005	Henry Brocken	Walter de la Mare	35458	5519
2006	Tom Sawyer Abroad	Mark Twain	35419	3291
2007	Notes on My Books	Joseph Conrad	35393	4970
2008	The Jerusalem Sinner Saved	John Bunyan	35195	3391
2009	Stuyvesant	Jacob Abbott	35192	2710
2010	American Addresses, with a Lecture on the Study of Biology	Thomas Henry Huxley	35053	4167
2011	Letters to Dead Authors	Andrew Lang	35052	6831
2012	The White Man's Foot	Grant Allen	35043	4503
2013	Maiwa's Revenge	Henry Rider Haggard	34983	3954
2014	The Snow Image	Nathaniel Hawthorne	34953	5076
2015	Pygmalion	George Bernard Shaw	34929	4316
2016	Sir Walter Raleigh and his Time	Charles Kingsley	34914	5127
2017	Mrs. Warren's Profession	George Bernard Shaw	34909	4666
2018	Critical Miscellanies, Volume 1, Essay 1, Robespierre	John Morley	34862	5977
2019	Proserpina, Volume 2	John Ruskin	34730	5629
2020	Berenice	Edward Phillips Oppenheim	34687	4149
2021	Scarborough and the Critic	Richard Brinsley Sheridan	34684	4412
2022	The Great War Syndicate	Frank Richard Stockton	34619	3541
2023	The Haunted Man and the Ghost's Bargin	Charles Dickens	34618	4314
2024	Flower Fables	Louisa May Alcott	34558	2418
2025	Songs from Books	Rudyard Kipling	34553	5154
2026	Dutch Courage and Other Stories	Jack London	34501	5044
2027	Two Men of Sandy Bar	Bret Harte	34385	4142
2028	Angling Sketches	Andrew Lang	34380	5132
2029	The Romantic Adventures of a Milkmaid	Thomas Hardy	34298	4571
2030	War of the Classes	Jack London	34286	5209
2031	East of Suez	William Somerset Maugham	34218	3276
2032	Oldtown Fireside Stories	Harriet Elizabeth Beecher Stowe	34104	3568
2033	Snow-Bound at Eagle's	Bret Harte	33992	4785
2034	The Argonauts of North Liberty	Bret Harte	33978	5071
2035	The Lively Poll	R M Ballantyne	33855	4455
2036	Canoeing in the wilderness	Henry David Thoreau	33825	4131
2037	Dot and Tot of Merryland	Lyman Frank Baum	33739	3332
2038	Condensed Novels	Bret Harte	33724	6055
2039	The Voyage of Captain Popanilla	Benjamin Disraeli	33720	5322
2040	Letters of Ulysses S. Grant	Ulysses Grant	33702	4180
2041	Love And Freindship And Other Early Works	Jane Austen	33627	4123
2042	Sea Warfare	Rudyard Kipling	33578	4969
2043	The Gem Collector	P G Wodehouse	33561	4460
2044	A House of Pomegranates	Oscar Wilde	33514	3796
2045	The Vision of Sir Launfal And Other Poems, Version 1	James Russell Lowell	33511	6174
2046	Travels with a Donkey in the Cevennes	Robert Louis Stevenson	33468	5440
2047	Rollo's Philosophy. [Air]	Jacob Abbott	33449	2372
2048	The Doctor's Dilemma	George Bernard Shaw	33357	3963
2049	Books and Bookmen	Andrew Lang	33331	6528
2050	Burke's Speech on Conciliation with America	Edmund Burke	33302	4801
2051	Jarwin and Cuffy	R M Ballantyne	33274	4608
2052	Tales Of Hearsay	Joseph Conrad	33264	4778
2053	Coleridge's Ancient Mariner and Select Poems	Samuel Taylor Coleridge	33230	5639
2054	The Cricket on the Hearth	Charles Dickens	33230	4334
2055	Theft	Jack London	33223	3873
2056	Miscellaneous Aphorisms; The Soul of Man	Oscar Wilde	33200	3915
2057	Picture and Text	Henry James	33109	5090
2058	Hortus Inclusus	John Ruskin	33075	4465
2059	The Straw	Eugene O_Neill	33010	3628
2060	Utopia of Usurers and other Essays	G K Chesterton	33003	5053
2061	History of Friedrich II of Prussia, Volume 5	Thomas Carlyle	32974	5587
2062	Selected Prose of Oscar Wilde	Oscar Wilde	32923	5425
2063	Misalliance	George Bernard Shaw	32836	3716
2064	Handbook to the new Gold-fields	R M Ballantyne	32769	4744
2065	The Surprising Adventures of the Magical Monarch of Mo and His People	Lyman Frank Baum	32755	3440
2066	The Stories of the Three Burglars	Frank Richard Stockton	32722	3649
2067	On Picket Duty and Other Tales	Louisa May Alcott	32707	4765
2068	The Dusantes	Frank Richard Stockton	32688	3765
2069	Rollo's Museum	Jacob Abbott	32667	2809
2070	The Garret and the Garden	R M Ballantyne	32582	4773
2071	Rollo at Play	Jacob Abbott	32503	2580
2072	Madame de Mauves	Henry James	32501	4647
2073	Palamon and Arcite	John Dryden	32457	5959
2074	Lady Hester, or Ursula's Narrative	Charlotte Mary Yonge	32409	3828
2075	American Fairy Tales	Lyman Frank Baum	32397	4015
2076	Reveries over Childhood and Youth	William Butler Yeats	32365	4359
2077	Major Barbara	George Bernard Shaw	32356	4189
2078	The Human Drift and Other Stories	Jack London	32318	5082
2079	The Call of the Wild	Jack London	32308	4726
2080	Amos Kilbright; His Adscititious Experiences	Frank Richard Stockton	32171	3913
2081	Adventurers of the Far North	Stephen Leacock	32131	4269
2082	Nonsense Novels	Stephen Leacock	32077	4666
2083	Tales of the Fish Patrol	Jack London	32036	4031
2084	Life in the Red Brigade	R M Ballantyne	31990	4396
2085	Endymion	John Keats	31941	5550
2086	Critical Miscellanies, Volume 2, Essay 2, Turgot	John Morley	31901	5500
2087	The Point Of Honor	Joseph Conrad	31839	5010
2088	Rollo at Work	Jacob Abbott	31764	2275
2089	Letters on Literature	Andrew Lang	31744	5649
2090	Typhoon	Joseph Conrad	31734	4877
2091	The Silverado Squatters	Robert Louis Stevenson	31678	5347
2092	Margaret Ogilvy	James Matthew Barrie	31619	3869
2093	Oxford	Andrew Lang	31609	5891
2094	Miss or Mrs.?	Wilkie Collins	31553	3952
2095	The Chimes	Charles Dickens	31533	4205
2096	Battle-Pieces and Aspects of the War	Herman Melville	31509	6330
2097	Life of Robert Burns	Thomas Carlyle	31425	5424
2098	Mudfog and Other Sketches	Charles Dickens	31406	5367
2099	An Ideal Husband	Oscar Wilde	31377	2973
2100	The Fitz-Boodle Papers	William Makepeace Thackeray	31376	5322
2101	Relativity: The Special and General Theory	Albert Einstein	31373	2718
2102	The Time Machine	Herbert George Wells	31354	4449
2103	Falk	Joseph Conrad	31261	4995
2104	The Crimes of England	G K Chesterton	31181	5178
2105	The Ancestral Footstep (fragment)	Nathaniel Hawthorne	31150	4167
2106	First Visit to New England and Others	William Dean Howells	31118	4187
2107	The School For Scandal	Richard Brinsley Sheridan	31091	3729
2108	New Burlesques	Bret Harte	30973	5408
2109	Jonas on a Farm in Winter	Jacob Abbott	30962	2574
2110	A Little Norsk; Or, Ol' Pap's Flaxen	Hamlin Garland	30859	4712
2111	Richard of Jamestown	James Otis	30798	3197
2112	Alonzo Fitz and Other Stories	Mark Twain	30756	5059
2113	Old Friends - Essays in Epistolary Parody	Andrew Lang	30754	6116
2114	History of France	Charlotte Mary Yonge	30663	4755
2115	Through the Looking-Glass	Lewis Carroll	30613	2743
2116	A Wodehouse Miscellany	P G Wodehouse	30581	4615
2117	Just So Stories	Rudyard Kipling	30500	2872
2118	Departmental Ditties and Barrack Room Ballads	Rudyard Kipling	30478	5347
2119	Northern Trails, Book 1	William J Long	30426	3866
2120	The Battle of Life	Charles Dickens	30385	4187
2121	The Life and Adventures of Santa Claus	Lyman Frank Baum	30266	3584
2122	The King of Pirates	Daniel Defoe	30192	2741
2123	Behind the Beyond	Stephen Leacock	30158	4455
2124	The Rivals	Richard Brinsley Sheridan	30089	3888
2125	A Christmas Carol	Charles Dickens	29960	4352
2126	Waifs and Strays Part 1	O Henry	29893	5672
2127	Rollo's Experiments	Jacob Abbott	29813	2048
2128	Late Lyrics and Earlier	Thomas Hardy	29771	5435
2129	The Poison Belt	Sir Arthur Conan Doyle	29758	4645
2130	Dr. Jonathan (A Play)	Winston Churchill	29755	3164
2131	Mother West Wind's Children	Thornton Waldo Burgess	29739	2192
2132	Twinkle and Chubbins	Lyman Frank Baum	29708	3158
2133	The Rose and the Ring	William Makepeace Thackeray	29671	4079
2134	Policeman Bluejay	Lyman Frank Baum	29592	3441
2135	Caleb in the Country	Jacob Abbott	29485	2512
2136	Hospital Sketches	Louisa May Alcott	29424	5438
2137	All for Love	John Dryden	29249	4189
2138	"Mother West Wind ""Where"" Stories"	Thornton Waldo Burgess	29243	2351
2139	A Phyllis of the Sierras	Bret Harte	29235	4805
2140	Fifty Bab Ballads	Sir William Schwenck Gilbert	29202	5504
2141	Pepper & Salt	Howard Pyle	29160	2760
2142	Forests of Maine	Jacob Abbott	29151	2615
2143	Captain Brassbound's Conversion	George Bernard Shaw	29147	4547
2144	The Ancien Regime	Charles Kingsley	29137	4820
2145	Lyrical Ballads, With Other Poems, 1800, Volume 1	William Wordsworth	29135	4379
2146	The Vital Message	Sir Arthur Conan Doyle	29122	4539
2147	The House of Pride	Jack London	29113	4662
2148	Memoirs of Major Alexander Ramkins (1718)	Daniel Defoe	29105	3761
2149	The Great Big Treasury of Beatrix Potter	Beatrix Potter	29005	3517
2150	A Millionaire of Rough-and-Ready	Bret Harte	29002	4357
2151	The Tremendous Adventures of Major Gahagan	William Makepeace Thackeray	28965	4855
2152	Criticism And Fiction	William Dean Howells	28874	4446
2153	The Frozen Deep	Wilkie Collins	28860	3331
2154	Fantastic Fables	Ambrose Bierce	28824	4949
2155	A Defence of Poetry and Other Essays	P B Shelley	28602	4305
2156	Poems	William Dean Howells	28508	4707
2157	Fast in the Ice	R M Ballantyne	28484	3427
2158	The Doctor's Dilemma: Preface on Doctors	George Bernard Shaw	28483	4782
2159	A  Passionate Pilgrim	Henry James	28301	4752
2160	Over the Rocky Mountains	R M Ballantyne	28289	4514
2161	Andromeda and Other Poems	Charles Kingsley	28282	4895
2162	Otto of the Silver Hand	Howard Pyle	28166	3245
2163	The Devil's Disciple	George Bernard Shaw	28065	3883
2164	Betty's Bright Idea	Harriet Elizabeth Beecher Stowe	28062	4301
2165	The Pleasures of England	John Ruskin	27840	4968
2166	The Seven Seas	Rudyard Kipling	27792	4695
2167	Utilitarianism	John Stuart Mill	27731	3349
2168	Mother West Wind 'Why' Stories	Thornton Waldo Burgess	27726	2023
2169	An International Episode	Henry James	27702	3369
2170	The Clyde Mystery	Andrew Lang	27670	3857
2171	Caesar's Wife	William Somerset Maugham	27658	2688
2172	The Pigeon Pie	Charlotte Mary Yonge	27646	3687
2173	A Tangled Tale	Lewis Carroll	27591	3931
2174	Away in the Wilderness	R M Ballantyne	27518	3530
2175	My Mark Twain	William Dean Howells	27497	4390
2176	"Mother West Wind ""How"" Stories"	Thornton Waldo Burgess	27423	2197
2177	Anna Christie	Eugene O_Neill	27378	2962
2178	Alice's Adventures in Wonderland	Lewis Carroll	27330	2567
2179	Wrecked but not Ruined	R M Ballantyne	27314	4142
2180	State of the Union Addresses	Abraham Lincoln	27197	3714
2181	The Princess	Lord Tennyson	27175	4651
2182	The Defendant	G K Chesterton	27091	4709
2183	The Patriotic Poems of Walt Whitman	Walt Whitman	27078	5021
2184	American Notes	Rudyard Kipling	27069	5124
2185	The Battle and the Breeze	R M Ballantyne	27031	4052
2186	What Every Woman Knows	James Matthew Barrie	26996	3394
2187	The Story of the Gadsby	Rudyard Kipling	26958	3442
2188	Chasing the Sun	R M Ballantyne	26934	3928
2189	Echoes of the War	James Matthew Barrie	26668	3264
2190	The Unsolved Riddle of Social Justice	Stephen Leacock	26581	3931
2191	Fanny's First Play	George Bernard Shaw	26510	3369
2192	Sunk at Sea	R M Ballantyne	26414	4133
2193	Lost in the Forest	R M Ballantyne	26413	4347
2194	The Pioneers	R M Ballantyne	26404	4054
2195	The Abbot's Ghost, Or Maurice Treherne's Temptation	Louisa May Alcott	26327	3585
2196	Digging for Gold	R M Ballantyne	26245	4110
2197	Up in the Clouds	R M Ballantyne	26088	4391
2198	The Story of the Rock	R M Ballantyne	26052	3961
2199	Sowing and Sewing	Charlotte Mary Yonge	25968	3054
2200	Saved by the Lifeboat	R M Ballantyne	25882	3899
2201	The Rise of Iskander	Benjamin Disraeli	25859	4050
2202	The Philanderer	George Bernard Shaw	25843	3208
2203	Hunting the Lions	R M Ballantyne	25843	3930
2204	A Brief Account of the Rise and Progress of the People Called Quakers	William Penn	25823	3321
2205	The Cannibal Islands	R M Ballantyne	25787	3911
2206	The Variable Man	Philip Kindred Dick	25761	3508
2207	Mother West Wind's Animal Friends	Thornton Waldo Burgess	25750	2107
2208	Is Mars Habitable?	Alfred Russel Wallace	25689	3127
2209	The Lesson of the Master	Henry James	25685	3519
2210	Twelve Types	G K Chesterton	25670	4609
2211	Six Short Plays, Complete	John Galsworthy	25604	3210
2212	Out of the Deep	Charles Kingsley	25567	2727
2213	Devil's Ford	Bret Harte	25544	4257
2214	Jeff Briggs's Love Story	Bret Harte	25528	4110
2215	Helen of Troy	Andrew Lang	25489	3728
2216	Lyrical Ballads, With Other Poems, 1800, Volume 2	William Wordsworth	25484	3801
2217	Socialism	John Stuart Mill	25446	3659
2218	Giotto and his works in Padua	John Ruskin	25395	4243
2219	Hints towards the formation of a more comprehensive theory of life	Samuel Taylor Coleridge	25394	4060
2220	A Holiday in Bed and Other Sketches	James Matthew Barrie	25299	3880
2221	Arms and the Man	George Bernard Shaw	25286	3639
2222	The Storm-Cloud of the Nineteenth Century	John Ruskin	25278	4293
2223	Poems, 1799	Robert Southey	25276	4804
2224	The Vision of Sir Launfal And Other Poems, Version 2	James Russell Lowell	25149	5453
2225	Defending the Island	James Otis	25078	2906
2226	Notes to the Complete Poetical Works of Percy Bysshe Shelley	Mary Shelley	24665	4403
2227	Georgina's Reasons	Henry James	24651	3247
2228	A Collection of Beatrix Potter Stories	Beatrix Potter	24619	3129
2229	Fighting the Whales	R M Ballantyne	24607	3000
2230	Touch and Go	D H Lawrence	24603	2773
2231	Moments of Vision	Thomas Hardy	24576	4652
2232	The Strange Case Of Dr. Jekyll And Mr. Hyde	Robert Louis Stevenson	24559	3778
2233	The Skin Game	John Galsworthy	24555	2721
2234	Tom Sawyer, Detective	Mark Twain	24409	2380
2235	Battles with the Sea	R M Ballantyne	24223	3701
2236	Miscellaneous Papers	Charles Dickens	24029	4416
2237	History of Friedrich II of Prussia, Volume 8	Thomas Carlyle	24009	4374
2238	Prince Ricardo of Pantouflia	Andrew Lang	24005	3316
2239	The Mariner of St. Malo, A Chronicle of the Voyages of Jacques Cartier	Stephen Leacock	23940	3614
2240	The Trees of Pride	G K Chesterton	23933	3504
2241	Justice	John Galsworthy	23914	2836
2242	Peter Pan in Kensington Gardens, Version 1	James Matthew Barrie	23850	2935
2243	The Admirable Crichton	James Matthew Barrie	23830	3321
2244	The Observations of Henry	Jerome Klapka Jerome	23810	2920
2245	Enoch Arden, &c	Lord Tennyson	23742	4108
2246	More Bab Ballads	Sir William Schwenck Gilbert	23713	4687
2247	Satires of Circumstance	Thomas Hardy	23641	4622
2248	Strife	John Galsworthy	23557	2697
2249	Bab Ballads and Savoy Songs	Sir William Schwenck Gilbert	23534	4862
2250	The Coxon Fund	Henry James	23419	3602
2251	Old Granny Fox	Thornton Waldo Burgess	23365	1999
2252	The Patagonia	Henry James	23338	2930
2253	Blacky the Crow	Thornton Waldo Burgess	23324	1794
2254	Lady Susan	Jane Austen	23265	2893
2255	John Ingerfield and Other Stories	Jerome Klapka Jerome	23253	4092
2256	The Mahatma and the Hare	Henry Rider Haggard	23180	2835
2257	Critical Miscellanies, Volume 2, Essay 3, Condorcet	John Morley	23114	4600
2258	Mrs. Peter Rabbit	Thornton Waldo Burgess	22944	1874
2259	Happy Jack	Thornton Waldo Burgess	22914	1812
2260	The Politeness of Princes	P G Wodehouse	22819	3552
2261	A Woman of No Importance	Oscar Wilde	22772	2326
2262	Aunt Hannah and Seth	James Otis	22690	2929
2263	The Autobiography of Charles Darwin	Charles Darwin	22678	3500
2264	Count Alarcos	Benjamin Disraeli	22638	3347
2265	The Thorogood Family	R M Ballantyne	22631	3585
2266	Alice Sit-By-The-Fire	James Matthew Barrie	22620	2799
2267	The Duchess of Padua	Oscar Wilde	22596	2882
2268	The Dawn of Canadian History - A Chronicle of Aboriginal Canada	Stephen Leacock	22595	3465
2269	The Middle Years	Henry James	22593	3983
2270	The Suppressed Poems of Alfred Lord Tennyson	Lord Tennyson	22463	4356
2271	Under the Liberty Tree	James Otis	22458	2909
2272	The Secret Rose	William Butler Yeats	22406	3032
2273	The Advance of Science in the Last Half-Century	Thomas Henry Huxley	22360	3712
2274	Dear Brutus	James Matthew Barrie	22350	2970
2275	Political Ideals	Bertrand Russell	22347	3135
2276	The First Man	Eugene O_Neill	22320	2982
2277	Bowser The Hound	Thornton Waldo Burgess	22260	1907
2278	Candida	George Bernard Shaw	22256	3335
2279	Poems	Robert Southey	22251	4234
2280	Fanny and the Servant Problem	Jerome Klapka Jerome	22241	2513
2281	Those Extraordinary Twins	Mark Twain	22184	3620
2282	The Dead Alive	Wilkie Collins	22103	2910
2283	Edinburgh	Robert Louis Stevenson	22068	4674
2284	Reginald in Russia	Hector Hugh Munro	22025	4558
2285	Queer Little Folks	Harriet Elizabeth Beecher Stowe	22009	3424
2286	Daisy Miller	Henry James	21993	2852
2287	The Master of Mrs. Chilvers	Jerome Klapka Jerome	21952	2920
2288	A Traveller in War-Time	Winston Churchill	21941	4537
2289	The Art of Writing and Other Essays	Robert Louis Stevenson	21847	4089
2290	Critical Miscellanies, Volume 2, Essay 4, Joseph de Maistre	John Morley	21788	4375
2291	Black Heart and White Heart	Henry Rider Haggard	21676	3111
2292	The Adventures of Lightfoot the Deer	Thornton Waldo Burgess	21663	1842
2293	Turkey: A Past and a Future	Arnold Joseph Toynbee	21655	4165
2294	A Family Man	John Galsworthy	21590	2728
2295	Is Shakespeare Dead?	Mark Twain	21572	3928
2296	Where There is Nothing	William Butler Yeats	21503	2289
2297	Time's Laughingstocks and Other Verses	Thomas Hardy	21448	4570
2298	Lightfoot the Deer	Thornton Waldo Burgess	21342	1846
2299	Some Christmas Stories	Charles Dickens	21329	3626
2300	Three Ghost Stories	Charles Dickens	21312	3659
2301	Loyalties	John Galsworthy	21271	2416
2302	John Marr and Other Poems	Herman Melville	21188	5410
2303	The Evolution of Theology: An Anthropological Study	Thomas Henry Huxley	21171	3922
2304	Quality Street	James Matthew Barrie	21146	2670
2305	The Importance of Being Earnest	Oscar Wilde	21000	2600
2306	Biographical Stories	Nathaniel Hawthorne	20986	3328
2307	The Bab Ballads	Sir William Schwenck Gilbert	20984	4625
2308	The Harbours of England	John Ruskin	20888	4028
2309	New Poems	Robert Louis Stevenson	20791	4072
2310	The Scarlet Plague	Jack London	20759	3310
2311	The Foundations	John Galsworthy	20643	3104
2312	Pandora	Henry James	20632	3364
2313	Gaspar Ruiz	Joseph Conrad	20583	3648
2314	Lectures on Evolution	Thomas Henry Huxley	20502	2773
2315	Lady Windermere's Fan	Oscar Wilde	20385	2035
2316	The Fugitive	John Galsworthy	20314	2649
2317	The New Revelation	Sir Arthur Conan Doyle	20289	3230
2318	The Point of View	Henry James	20287	3234
2319	Sir Dominick Ferrand	Henry James	20262	3343
2320	The Wolves and the Lamb	William Makepeace Thackeray	20152	2512
2321	Jeff Benson, or the Young Coastguardsman	R M Ballantyne	20119	3231
2322	The Mysterious Key And What It Opened	Louisa May Alcott	20047	3019
2323	The Pension Beaurepas	Henry James	20045	2952
2324	On the Relations of Man to the Lower Animals	Thomas Henry Huxley	20022	3207
2325	Tea-table Talk	Jerome Klapka Jerome	20012	3687
2326	A District Messenger Boy and a Necktie Party	James Otis	19985	2400
2327	Tom and Maggie Tulliver	George Eliot	19974	2527
2328	Four Years	William Butler Yeats	19951	3722
2329	Collected Poems 1901-1918 in Two Volumes Volume 1	Walter de la Mare	19935	3605
2330	A Double Barrelled Detective Story	Mark Twain	19905	3278
2331	The Perils of Certain English Prisoners	Charles Dickens	19819	2696
2332	Mugby Junction	Charles Dickens	19789	3335
2333	Joy	John Galsworthy	19783	2113
2334	Somebody's Luggage	Charles Dickens	19753	3704
2335	The Infernal Marriage	Benjamin Disraeli	19741	3883
2336	Glasses	Henry James	19738	3187
2337	Vera	Oscar Wilde	19723	2538
2338	Urban Sketches	Bret Harte	19693	4631
2339	Whitefoot the Wood Mouse	Thornton Waldo Burgess	19638	1713
2340	The Great Stone Face	Nathaniel Hawthorne	19635	3667
2341	The Author Of Beltraffio	Henry James	19626	2916
2342	Windows	John Galsworthy	19605	2452
2343	Plays and Puritans	Charles Kingsley	19582	3844
2344	Songs of a Savoyard	Sir William Schwenck Gilbert	19518	4126
2345	The Silver Box	John Galsworthy	19388	2170
2346	Stage-Land	Jerome Klapka Jerome	19352	3078
2347	Charles Dickens' Children Stories	Charles Dickens	19313	2692
2348	Sketches of Young Couples	Charles Dickens	19286	3564
2349	Hunting Sketches	Anthony Trollope	19225	2874
2350	Eugene Pickering	Henry James	19224	3271
2351	The Beast in the Jungle	Henry James	19127	2637
2352	Christmas Every Day and Other Stories	William Dean Howells	19021	2113
2353	History of Friedrich II of Prussia, Volume 1	Thomas Carlyle	18947	3907
2354	Select Conversations with an Uncle	Herbert George Wells	18856	3903
2355	Rhyme? And Reason?	Lewis Carroll	18825	3843
2356	Monday or Tuesday	Virginia Woolf	18778	3747
2357	Dick in the Desert	James Otis	18487	2538
2358	The Moccasin Ranch	Hamlin Garland	18425	3206
2359	The Appetite of Tyranny	G K Chesterton	18386	3343
2360	Old Christmas	Washington Irving	18347	4070
2361	Quality and Other Studies and Essays	John Galsworthy	18341	3397
2362	Better Dead	James Matthew Barrie	18141	3336
2363	The Bedford-Row Conspiracy	William Makepeace Thackeray	18114	3269
2364	Poems of the Past and the Present	Thomas Hardy	18063	4178
2365	North of Boston	Robert Frost	18007	2517
2366	The Pupil	Henry James	17997	3050
2367	The Lifted Veil	George Eliot	17935	3378
2368	The Kasidah of Haji Abdu El-Yezdi	Sir Richard Francis Burton	17872	4502
2369	The Swoop!	P G Wodehouse	17869	3798
2370	Areopagitica	John Milton	17849	3906
2371	De Profundis	Oscar Wilde	17844	2875
2372	Fort Desolation	R M Ballantyne	17827	3243
2373	Responsibilities	William Butler Yeats	17752	2977
2374	A Bit O' Love	John Galsworthy	17740	2511
2375	Prince Prigio	Andrew Lang	17697	2622
2376	The Ballad of the White Horse	G K Chesterton	17697	3025
2377	Sketches of Young Gentlemen	Charles Dickens	17663	3547
2378	The Fatal Boots	William Makepeace Thackeray	17663	2696
2379	"Prince Prigio From ""His Own Fairy Book"""	Andrew Lang	17612	2630
2380	Thankful Blossom	Bret Harte	17608	3253
2381	A Horse's Tale	Mark Twain	17600	2853
2382	Proserpine and Midas	Mary Shelley	17596	3831
2383	Critical Miscellanies, Volume 1, Essay 2, Carlyle	John Morley	17559	3820
2384	The Pigeon	John Galsworthy	17458	2596
2385	Phaethon	Charles Kingsley	17453	2663
2386	Old Mother West Wind	Thornton Waldo Burgess	17409	1411
2387	An Edinburgh Eleven	James Matthew Barrie	17407	3265
2388	Lectures on Landscape	John Ruskin	17406	2953
2389	Froude's History of England	Charles Kingsley	17405	3336
2390	May-Day	Ralph Waldo Emerson	17383	4383
2391	The Adventures of Grandfather Frog	Thornton Waldo Burgess	17373	1666
2392	Poems	G K Chesterton	17372	3466
2393	Inn of Tranquility and Other Essays	John Galsworthy	17354	3201
2394	Of Captain Mission	Daniel Defoe	17323	3033
2395	Uncle Tom's Cabin, Young Folks' Edition	Harriet Elizabeth Beecher Stowe	17247	1841
2396	Barrack-Room Ballads	Rudyard Kipling	17120	2744
2397	Evidence as to Man's Place in Nature	Thomas Henry Huxley	17106	3303
2398	The Duenna	Richard Brinsley Sheridan	17088	2431
2399	Brother Jacob	George Eliot	17072	3230
2400	Pauline's Passion and Punishment	Louisa May Alcott	17027	3032
2401	Legends and Tales	Bret Harte	17017	4030
2402	The Dolliver Romance	Nathaniel Hawthorne	16993	3607
2403	Trial of Duncan Terig	Sir Walter Scott	16964	2111
2404	The Second Funeral of Napoleon	William Makepeace Thackeray	16943	3475
2405	The Secret Sharer	Joseph Conrad	16938	2780
2406	The Chaperon	Henry James	16900	2723
2407	The Adventures of Johnny Chuck	Thornton Waldo Burgess	16879	1597
2408	Some Rambling Notes of an Idle Excursion	Mark Twain	16833	3408
2409	An Essay On The American Contribution And The Democratic Idea	Winston Churchill	16824	3176
2410	The Curious Republic of Gondour and Other Whimsical Sketches	Mark Twain	16816	3867
2411	The Adventures of Chatterer the Red Squirrel	Thornton Waldo Burgess	16816	1508
2412	The Adventures of Buster Bear	Thornton Waldo Burgess	16774	1540
2413	A Short Narrative of the Life and Actions of His Grace John, D. of Marlborogh	Daniel Defoe	16763	3319
2414	The Hairy Ape	Eugene O_Neill	16761	3014
2415	Androcles and the Lion	George Bernard Shaw	16637	2824
2416	Biographical Sketches	Nathaniel Hawthorne	16614	3969
2417	The Parasite	Sir Arthur Conan Doyle	16588	2598
2418	The Adventures of Poor Mrs. Quack	Thornton Waldo Burgess	16538	1538
2419	The Mob	John Galsworthy	16535	2528
2420	Present at a Hanging and Other Ghost Stories	Ambrose Bierce	16524	3265
2421	The Admirable Bashville	George Bernard Shaw	16452	3827
2422	The Adventures of Jimmy Skunk	Thornton Waldo Burgess	16413	1658
2423	The Happy Prince and Other Tales	Oscar Wilde	16400	2149
2424	Within the Rim and Other Essays	Henry James	16388	3359
2425	Old Times at Otterbourne	Charlotte Mary Yonge	16387	3177
2426	George Cruikshank	William Makepeace Thackeray	16351	3649
2427	Flip, A California Romance	Bret Harte	16349	3428
2428	The Adventures of Paddy the Beaver	Thornton Waldo Burgess	16300	1551
2429	The Croxley Master	Sir Arthur Conan Doyle	16227	2989
2430	State of the Union Addresses of George Washington	George Washington	16117	2808
2431	Peter Pan in Kensington Gardens, Version 2	James Matthew Barrie	16105	2456
2432	Ballads	Robert Louis Stevenson	16097	2968
2433	Poems in Two Volumes, Volume 2	William Wordsworth	16073	3077
2434	The Adventures of Danny Meadow Mouse	Thornton Waldo Burgess	16003	1503
2435	The Adventures of Jerry Muskrat	Thornton Waldo Burgess	15947	1445
2436	The Adventures of Prickly Porky	Thornton Waldo Burgess	15941	1564
2437	Paradise Regained	John Milton	15907	3584
2438	The Adventures of Old Mr. Toad	Thornton Waldo Burgess	15879	1596
2439	Look! We Have Come Through!	D H Lawrence	15878	2985
2440	A Little Swiss Sojourn	William Dean Howells	15872	3546
2441	A Cynic Looks at Life	Ambrose Bierce	15809	3754
2442	Louisa Pallant	Henry James	15754	2531
2443	The Adventures of Mr. Mocker	Thornton Waldo Burgess	15748	1516
2444	A Ride Across Palestine	Anthony Trollope	15697	2425
2445	The Game	Jack London	15691	2854
2446	Alice's Adventures Under Ground	Lewis Carroll	15690	2191
2447	The Eldest Son	John Galsworthy	15675	2052
2448	An Appeal to Honour and Justice, Though It Be of His Worst Enemies	Daniel Defoe	15670	2175
2449	Captain Stormfield's Visit to Heaven	Mark Twain	15626	2348
2450	Dark Lady of the Sonnets	George Bernard Shaw	15611	3302
2451	The Adventures of Unc' Billy Possum	Thornton Waldo Burgess	15536	1589
2452	The Path Of Duty	Henry James	15519	2213
2453	The Madonna of the Future	Henry James	15508	3188
2454	Little Wars; a game for boys from twelve years of age to one hundred and fifty and for that more intelligent sort of girl who likes boys' games and books	Herbert George Wells	15506	2413
2455	Wessex Poems and Other Verses	Thomas Hardy	15435	4000
2456	The Adventures of Reddy Fox	Thornton Waldo Burgess	15353	1530
2457	Nature	Ralph Waldo Emerson	15348	3276
2458	The Spirit of Sweetwater	Hamlin Garland	15342	2681
2459	Stories of Ships and the Sea	Jack London	15298	2907
2460	David	Charles Kingsley	15261	2577
2461	Magic	G K Chesterton	15216	2393
2462	Drum Taps	Walt Whitman	15204	3270
2463	France At War	Rudyard Kipling	15183	3349
2464	In Defense of Harriet Shelley	Mark Twain	15170	2827
2465	The Man of Destiny	George Bernard Shaw	15073	2595
2466	The Death of the Lion	Henry James	15050	2898
2467	The Puzzle of Dickens's Last Plot	Andrew Lang	15043	2747
2468	My Terminal Moraine	Frank Richard Stockton	15042	2216
2469	A Visit to Three Fronts	Sir Arthur Conan Doyle	14951	3054
2470	The Altar of the Dead	Henry James	14939	2447
2471	Poems in Two Volumes, Volume 1	William Wordsworth	14902	3045
2472	The Figure in the Carpet	Henry James	14859	2615
2473	The Man Who Would Be King	Rudyard Kipling	14856	2457
2474	Bernard Shaw's Preface to Major Barbara	George Bernard Shaw	14777	3505
2475	Stories of Red Hanrahan	William Butler Yeats	14775	1628
2476	Neal, the Miller	James Otis	14771	2380
2477	William Tell Told Again	P G Wodehouse	14716	2285
2478	Fables	Robert Louis Stevenson	14687	1986
2479	Mrs. Lirriper's Lodgings	Charles Dickens	14633	2397
2480	Second Variety	Philip Kindred Dick	14611	2000
2481	Critical Miscellanies, Volume 3, Essays 2 and 3	John Morley	14604	3051
2482	The Jolly Corner	Henry James	14596	2684
2483	The Gold Of Fairnilee	Andrew Lang	14594	2054
2484	The Years Between	Rudyard Kipling	14573	3053
2485	Critical Miscellanies, Volume 1, Essay 5, Emerson	John Morley	14501	3534
2486	Little Lucy's Wonderful Globe	Charlotte Mary Yonge	14458	2426
2487	Little Travels and Roadside Sketches	William Makepeace Thackeray	14438	3331
2488	The Eyes of Asia	Rudyard Kipling	14434	2603
2489	The Countess Cathleen	William Butler Yeats	14341	2594
2490	Atalantis Major	Daniel Defoe	14339	2559
2491	Poems 1817	John Keats	14304	3256
2492	His Majesties Declaration Defended	John Dryden	14303	2696
2493	Reginald	Hector Hugh Munro	14289	3140
2494	A Bundle of Letters	Henry James	14268	2369
2495	An Humble Proposal to the People of England	Daniel Defoe	14239	1903
2496	Much Darker Days	Andrew Lang	14220	3010
2497	Essays Concerning Letters	John Galsworthy	14194	2860
2498	The Holly-Tree	Charles Dickens	14011	2756
2499	Captain Sword and Captain Pen	Leigh Hunt	13977	3200
2500	With The Night Mail	Rudyard Kipling	13893	3628
2501	He	Andrew Lang	13800	3261
2502	The Game of Logic	Lewis Carroll	13767	1528
2503	Overruled	George Bernard Shaw	13732	2495
2504	Great Catherine	George Bernard Shaw	13684	2700
2505	My Aunt Margaret's Mirror	Sir Walter Scott	13571	2990
2506	East and West	Bret Harte	13524	3444
2507	The Marriages	Henry James	13421	2289
2508	The History of the Remarkable Life of John Sheppard	Daniel Defoe	13403	2490
2509	Some Poems	Sir Walter Scott	13386	3478
2510	Per Amica Silentia Lunae	William Butler Yeats	13318	2871
2511	Underwoods	Robert Louis Stevenson	13290	3634
2512	The Origin of Species	Thomas Henry Huxley	13271	2697
2513	The Soul of Man	Oscar Wilde	13200	2152
2514	The Heavenly Footman	John Bunyan	13088	1756
2515	The Wreck of the Golden Mary	Charles Dickens	13004	2145
2516	Nature and Progress of Rent	Thomas Robert Malthus	12979	1659
2517	Bartleby, The Scrivener	Herman Melville	12973	2741
2518	The Bickerstaff-Partridge Papers	Jonathan Swift	12872	2786
2519	The Man of Letters as a Man of Business	William Dean Howells	12847	2206
2520	La Mere Bauche from Tales of All Countries	Anthony Trollope	12809	1989
2521	Revolutionist's Handbook and Pocket Companion	George Bernard Shaw	12804	3203
2522	Grass of Parnassus	Andrew Lang	12762	2576
2523	A Message from the Sea	Charles Dickens	12696	2247
2524	Down-Adown-Derry	Walter de la Mare	12675	2776
2525	Critical Miscellanies, Volume 3, Essay 7, A Sketch	John Morley	12637	3093
2526	Phantasmagoria and Other Poems	Lewis Carroll	12626	3070
2527	Mrs. Lirriper's Legacy	Charles Dickens	12587	2227
2528	Nona Vincent	Henry James	12581	2192
2529	Songs of Action	Sir Arthur Conan Doyle	12547	2482
2530	Hall-Marked and Others	John Galsworthy	12542	2026
2531	Certain Noble Plays of Japan	Ezra Pound	12504	2472
2532	Write It Right	Ambrose Bierce	12466	2814
2533	The Ruby of Kishmoor	Howard Pyle	12465	2474
2534	Charmides and Other Poems	Oscar Wilde	12434	3109
2535	Critical Miscellanies, Volume 3, Essay 10, Auguste Comte	John Morley	12422	2709
2536	The Courtship of Susan Bell	Anthony Trollope	12410	1790
2537	The Wild Knight and Other Poems	G K Chesterton	12370	2412
2538	Critical Miscellanies, Volume 1, Essay 3, Byron	John Morley	12336	2927
2539	Augusta Triumphans	Daniel Defoe	12333	2590
2540	Doctor Marigold	Charles Dickens	12329	2051
2541	New York	James Fenimore Cooper	12304	2517
2542	Walking	Henry David Thoreau	12299	2851
2543	Amores	D H Lawrence	12252	2683
2544	Youth	Joseph Conrad	12215	2436
2545	Rhymes a la Mode	Andrew Lang	12206	3134
2546	The Philosophy of Style	Herbert Spencer	12178	2498
2547	The Bridge-Builders	Rudyard Kipling	12177	2372
2548	Mountain Interval	Robert Frost	12122	2130
2549	A Blot In The 'Scutcheon	Robert Browning	12105	2208
2550	A Tale of Three Lions	Henry Rider Haggard	12048	2219
2551	Press Cuttings	George Bernard Shaw	12012	2233
2552	Holiday Romance	Charles Dickens	12000	2239
2553	May Flowers	Louisa May Alcott	11899	2177
2554	The Canterville Ghost	Oscar Wilde	11810	2523
2555	The Legend of Sleepy Hollow	Washington Irving	11804	3107
2556	Critical Miscellanies, Volume 3, Essay 9, The Expansion of England	John Morley	11792	2583
2557	The Barbarism of Berlin	G K Chesterton	11738	2465
2558	1601	Mark Twain	11717	3104
2559	Andrew Lang's Introduction to The Compleat Angler	Andrew Lang	11703	2892
2560	Selected Poems of Oscar Wilde	Oscar Wilde	11684	2400
2561	The Parson's Daughter of Oxney Colne	Anthony Trollope	11658	1678
2562	Shorter Prose Pieces	Oscar Wilde	11603	2591
2563	The Poems and Verses of Charles Dickens	Charles Dickens	11599	2829
2564	In The Seven Woods	William Butler Yeats	11581	1877
2565	On Some Fossil Remains of Man	Thomas Henry Huxley	11572	2098
2566	The Adventure of Wisteria Lodge	Sir Arthur Conan Doyle	11565	2278
2567	L'Allegro, Il Penseroso, Comus, and Lycidas	John Milton	11529	3419
2568	Ballads in Blue China and Verses and Translations	Andrew Lang	11525	3056
2569	The True-Born Englishman	Daniel Defoe	11469	2605
2570	The Wind Among the Reeds	William Butler Yeats	11457	2036
2571	Main Street	Nathaniel Hawthorne	11445	2911
2572	An Unprotected Female at the Pyramids	Anthony Trollope	11399	2049
2573	Three Sermons, Three Prayers	Jonathan Swift	11341	2064
2574	The Candy Country	Louisa May Alcott	11331	2068
2575	Little Wizard Stories of Oz	Lyman Frank Baum	11305	1996
2576	George Silverman's Explanation	Charles Dickens	11200	2267
2577	Songs of Childhood	Walter de la Mare	11132	2624
2578	Studies of Lowell	William Dean Howells	11068	2266
2579	The Man Who Kept His Money In A Box	Anthony Trollope	11047	1757
2580	Amy Foster	Joseph Conrad	11027	2398
2581	Essays on Paul Bourget	Mark Twain	11011	2308
2582	Told After Supper	Jerome Klapka Jerome	11011	2018
2583	Ban and Arriere Ban	Andrew Lang	10991	2966
2584	Found At Blazing Star	Bret Harte	10948	2472
2585	A Little Dinner at Timmins's	William Makepeace Thackeray	10930	2354
2586	Hasisadra's Adventure	Thomas Henry Huxley	10916	2487
2587	Aaron Trow	Anthony Trollope	10914	1736
2588	Sunday Under Three Heads	Charles Dickens	10894	2709
2589	Mr. Spaceship	Philip Kindred Dick	10886	1904
2590	Synge And The Ireland Of His Time	William Butler Yeats	10854	2424
2591	Mountain-Laurel and Maidenhair	Louisa May Alcott	10843	2103
2592	The Adventure of the Bruce-Partington Plans	Sir Arthur Conan Doyle	10815	2097
2593	Fugitive Pieces	Lord Byron	10803	2756
2594	The Real Thing	Henry James	10780	2153
2595	To-morrow	Joseph Conrad	10774	2177
2596	The Gorgon's Head	Nathaniel Hawthorne	10773	2017
2597	Discoveries	William Butler Yeats	10752	2262
2598	Songs Of The Road	Sir Arthur Conan Doyle	10741	2787
2599	Cambridge Neighbors	William Dean Howells	10710	2363
2600	The Diary of a Man of Fifty	Henry James	10708	1649
2601	A Vindication of the Press	Daniel Defoe	10672	2354
2602	Other Tales and Sketches	Nathaniel Hawthorne	10634	2681
2603	Oliver Wendell Holmes	William Dean Howells	10587	2143
2604	The White Mr. Longfellow	William Dean Howells	10513	2293
2605	Youth	Isaac Asimov	10470	1868
2606	Critical Miscellanies, Volume 2, Essay 1, Vauvenargues	John Morley	10343	2558
2607	The Register	William Dean Howells	10322	1584
2608	Critical Miscellanies, Volume 3, Essay 4, The Life of George Eliot	John Morley	10297	2634
2609	Critical Miscellanies, Volume 1, Essay 4, Macaulay	John Morley	10282	2697
2610	Dickory Cronke	Daniel Defoe	10266	2094
2611	Four Meetings	Henry James	10217	1868
2612	The Seven Poor Travellers	Charles Dickens	10200	2257
2613	The Grounds of an Opinion on the Policy of Restricting the Importation of Foreign Corn	Thomas Robert Malthus	10193	1556
2614	The King of the Golden River	John Ruskin	10163	2050
2615	Some Roundabout Papers	William Makepeace Thackeray	10091	2610
2616	Reasons against the Succession of the House of Hanover	Daniel Defoe	10058	1672
2617	Critical Miscellanies, Volume 3, Essay 5, On Pattison's Memoirs	John Morley	10047	2656
2618	I and My Chimney	Herman Melville	10021	2429
2619	The Garotters	William Dean Howells	10021	1569
2620	Tom Tiddler's Ground	Charles Dickens	9995	2135
2621	Editorial Wild Oats	Mark Twain	9983	2477
2622	Critical Miscellanies, Volume 3, Essay 1, On Popular Culture	John Morley	9964	2219
2623	Observations on the Effects of the Corn Laws, and of a Rise or Fall in the Price of Corn on the Agriculture and General Wealth of the Country	Thomas Robert Malthus	9954	1575
2624	Miss Sarah Jack, of Spanish Town, Jamaica	Anthony Trollope	9901	1680
2625	The Adventure of the Devil's Foot	Sir Arthur Conan Doyle	9786	2004
2626	Collected Poems 1901-1918 in Two Volumes Volume 2	Walter de la Mare	9764	2266
2627	Old News	Nathaniel Hawthorne	9741	2904
2628	Critical Miscellanies, Volume 3, Essay 6, Harriet Martineau	John Morley	9719	2436
2629	"The Old Manse (From ""Mosses From An Old Manse"")"	Nathaniel Hawthorne	9633	2654
2630	A Likely Story	William Dean Howells	9563	1611
2631	Mr. Gladstone and Genesis	Thomas Henry Huxley	9464	2032
2632	The Wild Swans at Coole	William Butler Yeats	9458	2092
2633	The Three Golden Apples	Nathaniel Hawthorne	9454	1944
2634	The Ballad of St. Barbara	G K Chesterton	9454	2265
2635	The Acorn-Planter	Jack London	9435	1476
2636	Essays on Censorship and Art	John Galsworthy	9429	2213
2637	The Lights of the Church and the Light of Science	Thomas Henry Huxley	9421	2272
2638	Peacock Pie, A Book of Rhymes	Walter de la Mare	9418	2295
2639	The Mistletoe Bough	Anthony Trollope	9412	1551
2640	How to Fail in Literature	Andrew Lang	9327	2345
2641	A Plea for Captain John Brown	Henry David Thoreau	9300	2171
2642	Wild Apples	Henry David Thoreau	9220	2176
2643	The Reception of the 'Origin of Species'	Thomas Henry Huxley	9217	2222
2644	The Defeat of Youth and Other Poems	Aldous Huxley	9217	2528
2645	New Collected Rhymes	Andrew Lang	9203	2408
2646	The Prussian Officer	D H Lawrence	9190	1819
2647	O'Flaherty V. C	George Bernard Shaw	9171	1587
2648	An Essay on Criticism	Alexander Pope	9067	2592
2649	A Child's Garden of Verses, Verse 142	Robert Louis Stevenson	8950	1901
2650	The Chateau of Prince Polignac	Anthony Trollope	8918	1598
2651	The Elevator	William Dean Howells	8868	1456
2652	The Sleeping Car	William Dean Howells	8866	1385
2653	Abraham Lincoln	James Russell Lowell	8858	2235
2654	History of Friedrich II of Prussia, Appendix	Thomas Carlyle	8785	1817
2655	How He Lied to Her Husband	George Bernard Shaw	8759	1824
2656	The House of Heine Brothers, in Munich	Anthony Trollope	8703	1367
2657	The Defenders	Philip Kindred Dick	8684	1705
2658	La Sainte Courtisane	Oscar Wilde	8675	2037
2659	The Albany Depot	William Dean Howells	8660	1391
2660	The Adventure of the Cardboard Box	Sir Arthur Conan Doyle	8654	1761
2661	Hunted Down	Charles Dickens	8634	1760
2662	And What if the Pretender should Come?	Daniel Defoe	8629	1612
2663	Returning Home	Anthony Trollope	8626	1525
2664	Lord Kitchener	G K Chesterton	8625	2147
2665	Literary Boston	William Dean Howells	8622	1956
2666	Ixion In Heaven	Benjamin Disraeli	8608	2114
2667	The Beldonald Holbein	Henry James	8569	1621
2668	A Child's Garden of Verses, Verse 158	Robert Louis Stevenson	8514	1811
2669	A Child's Garden of Verses, Version 3	Robert Louis Stevenson	8508	1817
2670	Christmas Eve	Robert Browning	8503	2460
2671	The Method By Which The Causes Of The Present And Past Conditions Of Organic Nature Are To Be Discovered	Thomas Henry Huxley	8427	1550
2672	An Answer to a Question that Nobody thinks of, viz., But what if the Queen should Die?	Daniel Defoe	8391	1471
2673	A Child's Garden of Verses, Verse 154	Robert Louis Stevenson	8385	1776
2674	The Ballad of Reading Gaol	Oscar Wilde	8302	1151
2675	A Child's Garden of Verses, Verse 130	Robert Louis Stevenson	8293	1784
2676	Marjorie's Three Gifts	Louisa May Alcott	8225	1726
2677	John Bull on the Guadalquivir from Tales from all Countries	Anthony Trollope	8192	1633
2678	A Child's Garden of Verses, Version 4	Robert Louis Stevenson	8171	1779
2679	George Walker At Suez	Anthony Trollope	8154	1598
2680	The Inca of Perusalem	George Bernard Shaw	8150	1807
2681	Mrs. General Talboys	Anthony Trollope	8140	1727
2682	One Day More	Joseph Conrad	8078	1484
2683	The Miraculous Revenge	George Bernard Shaw	8057	1956
2684	Songs of Travel	Robert Louis Stevenson	8053	2227
2685	William Harvey And The Discovery Of The Circulation Of The Blood	Thomas Henry Huxley	8050	1489
2686	The Skull	Philip Kindred Dick	7983	1536
2687	The Tapestried Chamber, and Death of the Laird's Jock	Sir Walter Scott	7957	2096
2688	On the Duty of Civil Disobedience	Henry David Thoreau	7883	1752
2689	The Miraculous Pitcher	Nathaniel Hawthorne	7858	1672
2690	The O'Conors of Castle Conor from Tales from all Countries	Anthony Trollope	7850	1498
2691	Evening Dress	William Dean Howells	7782	1353
2692	Courage	James Matthew Barrie	7710	1795
2693	The Parenticide Club	Ambrose Bierce	7675	2164
2694	The Contest in America	John Stuart Mill	7637	1822
2695	New Poems	D H Lawrence	7637	2099
2696	Salomy Jane	Bret Harte	7629	1851
2697	The Woggle-Bug Book	Lyman Frank Baum	7572	1926
2698	How Tell a Story and Others	Mark Twain	7562	1709
2699	My Friend The Murderer	Sir Arthur Conan Doyle	7560	1653
2700	A Drift from Redwood Camp	Bret Harte	7551	2230
2701	The Conditions Of Existence	Thomas Henry Huxley	7534	1334
2702	The Life and Public Service of General Zachary Taylor: An Address	Abraham Lincoln	7514	1805
2703	My Garden Acquaintance	James Russell Lowell	7502	2235
2704	The Crystal Crypt	Philip Kindred Dick	7490	1490
2705	Three Sunsets and Other Poems	Lewis Carroll	7486	1929
2706	Piper in the Woods	Philip Kindred Dick	7468	1415
2707	The Adventure of the Red Circle	Sir Arthur Conan Doyle	7457	1610
2708	The Listeners and Other Poems	Walter de la Mare	7451	1954
2709	Everybody's Business is Nobody's Business	Daniel Defoe	7442	1746
2710	Sidelights on Relativity	Albert Einstein	7434	1345
2711	Geological Contemporaneity and Persistent Types of Life	Thomas Henry Huxley	7411	1660
2712	The Relics of General Chasse	Anthony Trollope	7410	1716
2713	The Parlor-Car	William Dean Howells	7386	1341
2714	Ezra Pound: His Metric and Poetry	T S Eliot	7362	1987
2715	On the Study of Zoology	Thomas Henry Huxley	7339	1667
2716	St. Patrick's Day	Richard Brinsley Sheridan	7297	1492
2717	Miscellaneous Pieces	John Bunyan	7282	1314
2718	Augustus Does His Bit	George Bernard Shaw	7230	1565
2719	The First and The Last	John Galsworthy	7209	1274
2720	The Lamplighter	Charles Dickens	7201	1516
2721	A Vindication of Natural Diet	P B Shelley	7168	2247
2722	The Paradise of Children	Nathaniel Hawthorne	7139	1436
2723	The Treaty With China, its Provisions Explained	Mark Twain	7109	1871
2724	The Fall of the House of Usher	Edgar Allan Poe	7078	2008
2725	Coral and Coral Reefs	Thomas Henry Huxley	7078	1266
2726	The Waif Woman	Robert Louis Stevenson	7076	1292
2727	Rosa Alchemica	William Butler Yeats	7054	1664
2728	"A Critical Examination Of The Position Of Mr. Darwin's Work, ""On The Origin Of Species"""	Thomas Henry Huxley	7021	1340
2729	Roundabout to Boston	William Dean Howells	6978	1667
2730	Eve's Diary, Complete	Mark Twain	6918	1341
2731	Poems of William Blake	William Blake	6916	1507
2732	The Present Condition of Organic Nature	Thomas Henry Huxley	6895	1412
2733	A Child's Garden of Verses, Version 2	Robert Louis Stevenson	6875	1682
2734	Greville Fane	Henry James	6867	1716
2735	The Stolen White Elephant	Mark Twain	6863	1799
2736	"Floor Games; a companion volume to ""Little Wars"""	Herbert George Wells	6841	1845
2737	"The Christmas Banquet (From ""Mosses From An Old Manse"")"	Nathaniel Hawthorne	6811	1918
2738	The Past Condition of Organic Nature	Thomas Henry Huxley	6763	1361
2739	"P.'s Correspondence (From ""Mosses From An Old Manse"")"	Nathaniel Hawthorne	6724	2070
2740	Poems	T S Eliot	6682	2406
2741	The Life of a Ship	R M Ballantyne	6637	1302
2742	"A Virtuoso's Collection (From ""Mosses From An Old Manse"")"	Nathaniel Hawthorne	6634	2024
2743	Two plays for dancers	William Butler Yeats	6628	1375
2744	The Philosopher's Joke	Jerome Klapka Jerome	6591	1554
2745	A Child's Garden of Verses, Version 1	Robert Louis Stevenson	6570	1533
2746	"Criticisms on ""The Origin of Species"""	Thomas Henry Huxley	6561	1686
2747	The Perpetuation Of Living Beings, Hereditary Transmission And Variation	Thomas Henry Huxley	6537	1244
2748	The Snow-Image	Nathaniel Hawthorne	6528	1351
2749	Critical Miscellanies, Volume 3, Essay 8, France in the Eighteenth Century	John Morley	6503	1832
2750	Long Odds	Henry Rider Haggard	6497	1471
2751	The Queen of the Pirate Isle	Bret Harte	6481	1860
2752	The Last Tournament	Lord Tennyson	6465	1624
2753	The Green Helmet and Other Poems	William Butler Yeats	6460	1308
2754	The Guards Came Through and Other Poems	Sir Arthur Conan Doyle	6458	1939
2755	Five O'Clock Tea	William Dean Howells	6445	1237
2756	On Books and the Housing of Them	William Ewart Gladstone	6416	1730
2757	The Lay-Man's Sermon upon the Late Storm	Daniel Defoe	6371	1428
2758	The Facts Concerning The Recent Carnival Of Crime In Connecticut	Mark Twain	6353	1620
2759	The Disappearance of Lady Frances Carfax	Sir Arthur Conan Doyle	6341	1510
2760	Dreams	Jerome Klapka Jerome	6330	1591
2761	Passing of the Third Floor Back	Jerome Klapka Jerome	6248	1502
2762	His Last Bow	Sir Arthur Conan Doyle	6236	1583
2763	Goldsmith's Friend Abroad Again	Mark Twain	6201	1574
2764	"The Seven Vagabonds (From ""Twice Told Tales"")"	Nathaniel Hawthorne	6175	1853
2765	Buying a Horse	William Dean Howells	6125	1586
2766	A Son of the Gods, and A Horseman in the Sky	Ambrose Bierce	6091	1750
2767	A Book of Autographs	Nathaniel Hawthorne	6028	1832
2768	Wintry Peacock	D H Lawrence	6014	1337
2769	A True Relation of the Apparition of one Mrs. Veal	Daniel Defoe	6009	1269
2770	Evergreens	Jerome Klapka Jerome	6009	1532
2771	"The New Adam and Eve (From ""Mosses From An Old Manse"")"	Nathaniel Hawthorne	5991	1853
2772	"Earth's Holocaust (From ""Mosses From An Old Manse"")"	Nathaniel Hawthorne	5945	1873
2773	The Little Dream	John Galsworthy	5920	1212
2774	The Soul of Nicholas Snyders	Jerome Klapka Jerome	5888	1214
2775	A Seasonable Warning and Caution against the Insinuations of Papists and Jacobites	Daniel Defoe	5879	1291
2776	A Boy's Will	Robert Frost	5829	1559
2777	The Little Man	John Galsworthy	5814	1271
2778	On the Method of Zadig	Thomas Henry Huxley	5763	1555
2779	Peter Bell the Third	P B Shelley	5719	1879
2780	Lamia	John Keats	5711	1877
2781	Sonnets from the Portuguese	Elizabeth Barrett Browning	5635	1471
2782	Songs of Innocence and Songs of Experience	William Blake	5601	1261
2783	Georgie	Jacob Abbott	5594	911
2784	Bride Roses	William Dean Howells	5579	1058
2785	A Psychological Counter-current in Recent Fiction	William Dean Howells	5543	1484
2786	The Interpreters of Genesis and the Interpreters of Nature	Thomas Henry Huxley	5450	1313
2787	"A Select Party (From ""Mosses From An Old Manse"")"	Nathaniel Hawthorne	5406	1746
2788	Husbandry, Deep Waters, Part 6	William Wymark Jacobs	5342	948
2789	"The Prophetic Pictures (From ""Twice Told Tales"")"	Nathaniel Hawthorne	5273	1527
2790	Going into Society	Charles Dickens	5273	1297
2791	"Sketches from Memory (From ""Mosses From An Old Manse"")"	Nathaniel Hawthorne	5272	1857
2792	The Witch of Atlas	P B Shelley	5225	1672
2793	The Lake Gun	James Fenimore Cooper	5169	1418
2794	Tennessee's Partner	Bret Harte	5154	1641
2795	The Boatswain's Mate, Captains All, Book 2	William Wymark Jacobs	5117	1251
2796	John Leech's Pictures of Life and Character	William Makepeace Thackeray	5107	1720
2797	The Hunting of the Snark	Lewis Carroll	5089	1421
2798	The Tale of Mr. Tod	Beatrix Potter	5052	1213
2799	A Sermon Preached at the Quaker's Meeting House	William Penn	5023	1016
2800	Bob's Redemption, Captains All, Book 5	William Wymark Jacobs	5021	947
2801	Yeast	Thomas Henry Huxley	4990	1051
2802	The Butterfly's Ball	R M Ballantyne	4983	1158
2803	The Gun	Philip Kindred Dick	4955	1171
2804	Fenimore Cooper's Literary Offences	Mark Twain	4952	1331
2805	A Burlesque Autobiography	Mark Twain	4938	1473
2806	The Third String, Odd Craft, Part 12	William Wymark Jacobs	4879	930
2807	The Substitute, Deep Waters, Part 9	William Wymark Jacobs	4839	923
2808	Women and Politics	Charles Kingsley	4785	1211
2809	Eight or Nine Wise Words about Letter-Writing	Lewis Carroll	4771	1217
2810	Bill's Lapse, Odd Craft, Part 4	William Wymark Jacobs	4762	922
2811	Hunter Quatermain's Story	Henry Rider Haggard	4756	1268
2812	A Tiger's Skin, The Lady of the Barge and Others, Part 8	William Wymark Jacobs	4738	959
2813	Dirty Work, Deep Waters, Part 11	William Wymark Jacobs	4735	883
2814	Mrs. Korner Sins Her Mercies	Jerome Klapka Jerome	4721	1164
2815	Rollo in the Woods	Jacob Abbott	4717	724
2816	The Castaway, Odd Craft, Part 2	William Wymark Jacobs	4710	1158
2817	Odd Charges, Odd Craft, Part 13	William Wymark Jacobs	4697	842
2818	Shareholders, Deep Waters, Part 1	William Wymark Jacobs	4697	918
2819	The Right To Ignore The State	Herbert Spencer	4690	1326
2820	The White Cat, Captains All, Book 10	William Wymark Jacobs	4688	871
2821	The Editor's Relations With The Young Contributor	William Dean Howells	4664	1061
2822	The Hour Glass	William Butler Yeats	4654	834
2823	On the Advisableness of Improving Natural Knowledge	Thomas Henry Huxley	4641	1372
2824	The Money Box, Odd Craft, Part 1	William Wymark Jacobs	4640	893
2825	The Persecution of Bob Pretty, Odd Craft, Part 9	William Wymark Jacobs	4635	891
2826	Father Damien	Robert Louis Stevenson	4620	1300
2827	Captains All, Part 1	William Wymark Jacobs	4612	923
2828	Peter's Pence, Sailor's Knots, Part 8	William Wymark Jacobs	4586	855
2829	Last Days in a Dutch Hotel	William Dean Howells	4569	1356
2830	To be Read at Dusk	Charles Dickens	4568	1126
2831	The Nest Egg, Captains All, Book 3	William Wymark Jacobs	4563	867
2832	Some Anomalies of the Short Story	William Dean Howells	4549	1187
2833	A Fair Penitent	Wilkie Collins	4537	1284
2834	The Confessions of a Summer Colonist	William Dean Howells	4518	1455
2835	Admiral Peters, Odd Craft, Part 14	William Wymark Jacobs	4514	1211
2836	The Adventure of the Dying Detective	Sir Arthur Conan Doyle	4454	1161
2837	Second Thoughts are Best	Daniel Defoe	4449	1289
2838	The Guardian Angel, Ship's Company, Part 7	William Wymark Jacobs	4440	867
2839	A Dog's Tale	Mark Twain	4416	1076
2840	Dixon's Return, Odd Craft, Part 10	William Wymark Jacobs	4377	828
2841	The Well, The Lady of the Barge and Others, Part 4	William Wymark Jacobs	4373	1119
2842	"The Village Uncle (From ""Twice Told Tales"")"	Nathaniel Hawthorne	4364	1487
2843	The Land Of Heart's Desire	William Butler Yeats	4348	955
2844	A Belated Guest	William Dean Howells	4348	1296
2845	Prize Money, Sailor's Knots, Part 10	William Wymark Jacobs	4336	829
2846	Lawyer Quince, Odd Craft, Part 5	William Wymark Jacobs	4300	1124
2847	The Changing Numbers, Odd Craft, Part 8	William Wymark Jacobs	4294	1139
2848	The Head of The Family, Sailor's Knots, Part 9	William Wymark Jacobs	4287	1059
2849	A Spirit of Avarice, Odd Craft, Part 11	William Wymark Jacobs	4286	1226
2850	The Daemon of the World	P B Shelley	4282	1568
2851	"Passages from a Relinquished Work (From ""Mosses From An Old Manse"")"	Nathaniel Hawthorne	4275	1476
2852	The Convert, Deep Waters, Part 5	William Wymark Jacobs	4274	1184
2853	Four Pigeons, Captains All, Book 7	William Wymark Jacobs	4273	831
2854	Bill's Paper Chase, Lady of the Barge and Others, Part 3	William Wymark Jacobs	4271	825
2855	Lady of the Barge, Lady of the Barge and Others, Part 1	William Wymark Jacobs	4244	1139
2856	Breaking A Spell, Odd Craft, Part 6	William Wymark Jacobs	4236	788
2857	Blundell's Improvement, Odd Craft, Part 3	William Wymark Jacobs	4234	1088
2858	Deserted, Sailor's Knots, Part 1	William Wymark Jacobs	4230	966
2859	"The Intelligence Office (From ""Mosses From An Old Manse"")"	Nathaniel Hawthorne	4230	1418
2860	Homeward Bound, Sailor's Knots, Part 2	William Wymark Jacobs	4218	1062
2861	Odd Man Out, Sailor's Knots, Part 6	William Wymark Jacobs	4185	791
2862	Annajanska, the Bolshevik Empress	George Bernard Shaw	4155	1049
2863	Striking Hard, Deep Waters, Part 10	William Wymark Jacobs	4145	1182
2864	Easy Money, Night Watches, Part 9	William Wymark Jacobs	4135	787
2865	Emile Zola	William Dean Howells	4128	1157
2866	Fairy Gold, Ship's Company, Part 4	William Wymark Jacobs	4128	1083
2867	The Darwinian Hypothesis	Thomas Henry Huxley	4111	1290
2868	Self-Help, Sailor's Knots, Part 4	William Wymark Jacobs	4098	890
2869	Sentence Deferred, Sailor's Knots, Part 4	William Wymark Jacobs	4095	1091
2870	Friends In Need, Ship's Company, Part 2	William Wymark Jacobs	4091	1042
2871	Skilled Assistance, Ship's Company, Part 9	William Wymark Jacobs	4075	823
2872	Captain Rogers, The Lady of the Barge and Others, Part 7	William Wymark Jacobs	4075	1170
2873	Watch-Dogs, Ship's Company, Part 5	William Wymark Jacobs	4058	827
2874	Sam's Ghost, Deep Waters, Part 4	William Wymark Jacobs	4052	802
2875	Fine Feathers, Ship's Company, Part 1	William Wymark Jacobs	4049	1100
2876	Manners Makyth Man, Ship's Company, Part 12	William Wymark Jacobs	4040	885
2877	How Lisa Loved the King	George Eliot	4040	1331
2878	Captain Boldheart & the Latin-Grammar Master	Charles Dickens	4018	1248
2879	The Weaker Vessel, Night Watches, Part 4	William Wymark Jacobs	4009	1046
2880	A Golden Venture, The Lady of the Barge and Others, Part 11	William Wymark Jacobs	4000	1058
2881	Note on the Resemblances and Differences in the Structure and the Development of Brain in Man and the Apes	Thomas Henry Huxley	3981	1040
2882	The Understudy, Night Watches, Part 3	William Wymark Jacobs	3978	766
2883	The Standard Household-Effect Company	William Dean Howells	3963	1011
2884	An Adulteration Act, The Lady of the Barge and Others, Part 10	William Wymark Jacobs	3960	1059
2885	The Rime of the Ancient Mariner	Samuel Taylor Coleridge	3951	1078
2886	Extracts From Adam's Diary	Mark Twain	3939	974
2887	The Magic Fishbone	Charles Dickens	3915	921
2888	The Unknown, Night Watches, Part 7	William Wymark Jacobs	3896	775
2889	Keeping Up Appearances, Sailor's Knots, Part 12	William Wymark Jacobs	3887	844
2890	Wine, Water, and Song	G K Chesterton	3871	1228
2891	Moral Emblems	Robert Louis Stevenson	3863	1490
2892	Paying Off, Deep Waters, Part 2	William Wymark Jacobs	3847	750
2893	The Waste Land	T S Eliot	3845	1556
2894	Matrimonial Openings, Sailor's Knots, Part 5	William Wymark Jacobs	3836	1008
2895	Fragments from The Journal of a Solitary Man	Nathaniel Hawthorne	3817	1346
2896	A Mixed Proposal, The Lady of the Barge and Others, Part 9	William Wymark Jacobs	3811	1084
2897	An Occurrence at Owl Creek Bridge	Ambrose Bierce	3788	1268
2898	"The Hall of Fantasy (From ""Mosses From An Old Manse"")"	Nathaniel Hawthorne	3785	1245
2899	The Bequest, Ship's Company, Part 6	William Wymark Jacobs	3757	919
2900	The Rise and Progress of Palaeontology	Thomas Henry Huxley	3748	1050
2901	Prayers Written At Vailima	Robert Louis Stevenson	3746	1292
2902	Keeping Watch, Night Watches, Part 2	William Wymark Jacobs	3743	825
2903	His Other Self, Night Watches, Part 10	William Wymark Jacobs	3743	781
2904	Little Britain	Washington Irving	3721	1269
2905	Dual Control, Ship's Company, Part 8	William Wymark Jacobs	3701	956
2906	In The Library, The Lady of the Barge and Others, Part 6	William Wymark Jacobs	3681	956
2907	A Kidnapped Santa Claus	Lyman Frank Baum	3659	966
2908	The Monkey's Paw, The Lady of the Barge and Others, Part 2	William Wymark Jacobs	3649	983
2909	The Toll-House, Sailor's Knots, Part 7	William Wymark Jacobs	3625	953
2910	The Sea Fogs	Robert Louis Stevenson	3615	1125
2911	Made to Measure, Deep Waters, Part 3	William Wymark Jacobs	3614	926
2912	Stepping Backwards, Night Watches, Part 5	William Wymark Jacobs	3596	894
2913	Double Dealing, Sailor's Knots, Part 11	William Wymark Jacobs	3579	942
2914	Maxims for Revolutionists	George Bernard Shaw	3579	1241
2915	For Better or Worse, Ship's Company, Part 10	William Wymark Jacobs	3505	850
2916	Family Cares, Deep Waters, Part 7	William Wymark Jacobs	3500	950
2917	For Love of the King	Oscar Wilde	3496	1178
2918	The Old Man of the Sea, Ship's Company, Part 11	William Wymark Jacobs	3486	884
2919	A Modest Proposal	Jonathan Swift	3424	1087
2920	Saint Ursula	John Ruskin	3415	981
2921	Songs From Alice in Wonderland and Through the Looking-Glass	Lewis Carroll	3390	925
2922	The Trial of William Tinkling	Charles Dickens	3379	952
2923	"Buds and Bird Voices (From ""Mosses From An Old Manse"")"	Nathaniel Hawthorne	3357	1204
2924	The Cabman's Story	Sir Arthur Conan Doyle	3349	878
2925	Back to Back, Night Watches, Part 1	William Wymark Jacobs	3348	878
2926	Seven Poems and a Fragment	William Butler Yeats	3333	1087
2927	"The Threefold Destiny (From ""Twice Told Tales"")"	Nathaniel Hawthorne	3333	1106
2928	The Damned Thing	Ambrose Bierce	3308	1058
2929	Her Letter His Answer & Her Last Letter	Bret Harte	3300	753
2930	Beauties of Tennyson	Lord Tennyson	3297	969
2931	Time and Life	Thomas Henry Huxley	3269	1045
2932	The Temptation of Samuel Burge, Captains All, Book 8	William Wymark Jacobs	3259	966
2933	"Monsieur du Muroir (From ""Mosses From An Old Manse"")"	Nathaniel Hawthorne	3215	1194
2934	The Cost of Kindness	Jerome Klapka Jerome	3183	970
2935	The Tale of the Pie and the Patty Pan	Beatrix Potter	3105	754
2936	Time's Portraiture	Nathaniel Hawthorne	3036	1091
2937	Bay	D H Lawrence	3020	1092
2938	A Christmas Sermon	Robert Louis Stevenson	3009	979
2939	Establishing Relations, Odd Craft, Part 7	William Wymark Jacobs	2992	811
2940	The Tailor of Gloucester	Beatrix Potter	2990	765
2941	Bedridden and The Winter Offensive, Deep Waters, Part 8	William Wymark Jacobs	2968	1051
2942	The Three Sisters, Night Watches, Part 6	William Wymark Jacobs	2964	944
2943	Tortoises	D H Lawrence	2960	1005
2944	"Fire Worship (From ""Mosses From An Old Manse"")"	Nathaniel Hawthorne	2952	1136
2945	Lincoln's First Inaugural Address	Abraham Lincoln	2950	885
2946	Feeding the Mind	Lewis Carroll	2938	958
2947	American Literary Centers	William Dean Howells	2931	991
2948	Cupboard Love, The Lady of the Barge and Others, Part 5	William Wymark Jacobs	2915	865
2949	Eeldrop and Appleplex	T S Eliot	2913	1037
2950	Mosada	William Butler Yeats	2904	948
2951	Chamber Music	James Joyce	2904	791
2952	Good Intentions, Ship's Company, Part 3	William Wymark Jacobs	2901	618
2953	Prufrock and Other Observations	T S Eliot	2867	1081
2954	The Constable's Move, Captains All, Book 4	William Wymark Jacobs	2866	906
2955	Dr. Bullivant	Nathaniel Hawthorne	2826	1236
2956	Sylph Etherege	Nathaniel Hawthorne	2787	923
2957	"The White Old Maid (From ""Twice Told Tales"")"	Nathaniel Hawthorne	2780	970
2958	Over The Side, Captains All, Book 6	William Wymark Jacobs	2769	836
2959	The Tale of Samuel Whiskers	Beatrix Potter	2740	753
2960	Beyond Lies the Wub	Philip Kindred Dick	2735	785
2961	The Lady, or the Tiger?	Frank Richard Stockton	2725	820
2962	The Love of Ulrich Nebendahl	Jerome Klapka Jerome	2665	885
2963	"Chippings With A Chisel (From ""Twice Told Tales"")"	Nathaniel Hawthorne	2642	932
2964	"The Lily's Quest (From ""Twice Told Tales"")"	Nathaniel Hawthorne	2636	867
2965	A Bell's Biography	Nathaniel Hawthorne	2630	1038
2966	Little Daffydowndilly	Nathaniel Hawthorne	2612	738
2967	A Song of the English	Rudyard Kipling	2609	871
2968	"""Der Tag"""	James Matthew Barrie	2609	804
2969	Three at Table, The Lady of the Barge and Others, Part 12	William Wymark Jacobs	2534	833
2970	Beyond the Door	Philip Kindred Dick	2531	680
2971	"The Old Apple Dealer (From ""Mosses From An Old Manse"")"	Nathaniel Hawthorne	2518	926
2972	"A Rill from the Town Pump (From ""Twice Told Tales"")"	Nathaniel Hawthorne	2497	963
2973	"Edward Fane's Rosebud (From ""Twice Told Tales"")"	Nathaniel Hawthorne	2474	903
2974	The Red Room	Herbert George Wells	2384	779
2975	"Footprints on the Sea-Shore (From ""Twice Told Tales"")"	Nathaniel Hawthorne	2351	924
2976	The Cask of Amontillado	Edgar Allan Poe	2351	797
2977	"Beneath an Umbrella (From ""Twice Told Tales"")"	Nathaniel Hawthorne	2316	990
2978	The Wives of The Dead	Nathaniel Hawthorne	2307	895
2979	The Pied Piper of Hamelin	Robert Browning	2242	925
2980	Spanish Prisoners of War	William Dean Howells	2225	800
2981	Clocks	Jerome Klapka Jerome	2220	748
2982	Hugh Selwyn Mauberley	Ezra Pound	2201	1103
2983	"The Toll Gatherer's Day (From ""Twice Told Tales"")"	Nathaniel Hawthorne	2180	934
2984	Sketches from Memory	Nathaniel Hawthorne	2142	947
2985	The Gift of the Magi	O Henry	2114	750
2986	The Masque of the Red Death	Edgar Allan Poe	2106	744
2987	The Vigil, Night Watches, Part 8	William Wymark Jacobs	2070	650
2988	A Lowden Sabbath Morn	Robert Louis Stevenson	2069	658
2989	The Madness of Mr. Lister, Captains All, Book 9	William Wymark Jacobs	1996	631
2990	John Inglefield's Thanksgiving	Nathaniel Hawthorne	1995	675
2991	The Man of Adamant	Nathaniel Hawthorne	1882	754
2992	Illustrations of The Book of Job	William Blake	1881	586
2993	Old Ticonderoga, A Picture of The Past	Nathaniel Hawthorne	1857	822
2994	Henry James, Jr	William Dean Howells	1855	675
2995	On the Decay of the Art of Lying	Mark Twain	1813	654
2996	An Old Woman's Tale	Nathaniel Hawthorne	1753	734
2997	Tam O'Shanter	Robert Burns	1741	813
2998	"The Haunted Mind (From ""Twice Told Tales"")"	Nathaniel Hawthorne	1708	758
2999	Greybeards at Play	G K Chesterton	1700	770
3000	Staccato Notes of a Vanished Summer	William Dean Howells	1688	700
3001	"Little Annie's Ramble (From ""Twice Told Tales"")"	Nathaniel Hawthorne	1671	711
3002	"Fancy's Show-Box (From ""Twice Told Tales"")"	Nathaniel Hawthorne	1659	726
3003	Dickens in Camp	Bret Harte	1655	684
3004	"Sights from a Steeple (From ""Twice Told Tales"")"	Nathaniel Hawthorne	1622	766
3005	Three Unpublished Poems	Louisa May Alcott	1587	688
3006	The Tale of Timmy Tiptoes	Beatrix Potter	1440	467
3007	The Tale of Mrs. Tittlemouse	Beatrix Potter	1435	521
3008	The Tale of Mrs. Tiggy-Winkle	Beatrix Potter	1424	456
3009	The Tale of Jemima Puddle-Duck	Beatrix Potter	1356	471
3010	The Tale of Johnny Town-Mouse	Beatrix Potter	1346	524
3011	The Tale of Squirrel Nutkin	Beatrix Potter	1327	454
3012	"Snow Flakes (From ""Twice Told Tales"")"	Nathaniel Hawthorne	1308	636
3013	The Tale of Ginger and Pickles	Beatrix Potter	1237	484
3014	The Tale Of Benjamin Bunny	Beatrix Potter	1227	413
3015	"The Sister Years (From ""Twice Told Tales"")"	Nathaniel Hawthorne	1127	511
3016	The Raven	Edgar Allan Poe	1104	444
3017	The Tale of the Flopsy Bunnies	Beatrix Potter	1084	384
3018	The Tale Of Peter Rabbit	Beatrix Potter	1029	400
3019	Lincoln Letters	Abraham Lincoln	970	354
3020	Lady Clare	Lord Tennyson	905	268
3021	The Tale of Mr. Jeremy Fisher	Beatrix Potter	846	347
3022	Browne's Folly	Nathaniel Hawthorne	844	426
3023	The Tale of Tom Kitten	Beatrix Potter	791	312
3024	Lincoln's Second Inaugural Address	Abraham Lincoln	711	337
3025	An Almanac of Twelve Sports	Rudyard Kipling	691	358
3026	The Emancipation Proclamation	Abraham Lincoln	629	244
3027	'He Giveth His Beloved Sleep'	Elizabeth Barrett Browning	543	264
3028	Cecily Parsley's Nursery Rhymes	Beatrix Potter	533	225
3029	"Sunday at Home (From ""Twice Told Tales"")"	Nathaniel Hawthorne	502	283
3030	"The Vision of the Fountain (From ""Twice Told Tales"")"	Nathaniel Hawthorne	415	240
3031	Excelsior	Bret Harte	332	209
3032	Lincoln's Gettysburg Address, given November 19, 1863	Abraham Lincoln	281	149
3033	The Story of Miss Moppet	Beatrix Potter	279	119
3034	The Eyes Have It	Philip Kindred Dick	144	99
